Radio,MCC,MNC,LAC,CellID,PSC,Longitude,Latitude,Range,Samples,Changeable,Created,Updated,AverageSignal
GSM,262,3,32329,51839,0,10.994433,47.691433,18080,72,1,1312556840,1403748387,0
GSM,262,3,32329,5560,0,11.067298,47.637929,35583,42,1,1312557332,1403743469,0
GSM,262,3,32329,52599,0,11.044701,47.604449,7170,18,1,1312557825,1403488779,0
GSM,262,3,32329,52659,0,11.044184,47.607023,5282,8,1,1312557825,1339548910,0
GSM,262,3,32329,52539,0,11.033251,47.629624,3343,3,1,1312557825,1339548609,0
GSM,262,3,32329,23700,0,11.112267,47.529506,94436,181,1,1312558071,1407372646,0
GSM,262,3,32329,57239,0,11.084292,47.573549,3179,12,1,1312558318,1392372904,0
GSM,262,3,32329,5540,0,11.117261,47.542354,17274,106,1,1312558318,1403748387,0
GSM,262,3,32329,57219,0,11.068785,47.588337,7288,15,1,1312558441,1392373109,0
GSM,262,3,32329,37689,0,11.129019,47.56149,11049,39,1,1312558564,1407372646,0
GSM,262,3,32329,37669,0,11.140987,47.564624,10249,55,1,1312558810,1407372646,0
GSM,262,3,32329,26069,0,11.112474,47.522268,95231,150,1,1312558934,1407379311,0
GSM,262,3,32329,37679,0,11.134536,47.569569,10082,35,1,1312558934,1392372612,0
GSM,262,3,32329,26219,0,11.096095,47.509406,96435,109,1,1312559057,1407379311,0
GSM,262,3,32329,63739,0,11.12951,47.551676,10683,35,1,1312559057,1401923843,0
GSM,262,3,32329,63699,0,11.101772,47.502408,8506,76,1,1312559303,1407373523,0
GSM,262,3,32329,63789,0,11.101297,47.516405,5495,18,1,1312559303,1393775041,0
GSM,262,3,32329,37009,0,11.116957,47.531481,94283,58,1,1312559303,1407379311,0
GSM,262,3,32329,37029,0,11.088025,47.494115,10928,52,1,1312559303,1407379311,0
GSM,262,3,32329,63769,0,11.110798,47.521855,7507,21,1,1312559426,1392372077,0
GSM,262,3,32329,63679,0,11.102535,47.506894,96789,80,1,1312559426,1397894003,0
GSM,262,3,32329,26079,0,11.108837,47.474355,100436,42,1,1312559426,1407379311,0
GSM,262,3,32329,56389,0,11.105157,47.512126,96248,152,1,1312559549,1407379311,0
GSM,262,3,32329,25059,0,11.105297,47.499101,8733,90,1,1312559549,1407379311,0
GSM,262,7,51056,30330,0,11.083213,47.49755,97566,621,1,1312559917,1479213327,0
GSM,262,7,51056,2173,0,11.10367,47.515575,95837,781,1,1312559917,1479238115,0
GSM,262,7,51056,12009,0,11.095383,47.499576,97505,213,1,1312559917,1479209743,0
GSM,262,2,831,34313,0,11.105766,47.49264,3691,2000,1,1312559917,1385177943,0
GSM,262,7,51056,52009,0,11.053554,47.502822,96699,182,1,1312559917,1479237355,0
GSM,262,1,17161,23354,0,11.119503,47.486882,7167,131,1,1312559917,1702503160,0
GSM,262,2,831,5511,0,11.110412,47.491431,21231,2000,1,1312559917,1412958804,0
GSM,262,1,17161,7266,0,11.103419,47.490173,5743,198,1,1312559917,1702503161,0
GSM,262,1,17161,108,0,11.112753,47.4859,2853,135,1,1312559917,1702503160,0
GSM,262,7,51056,50330,0,11.063343,47.541883,92470,702,1,1312559917,1479210665,0
GSM,262,7,51056,10330,0,11.102953,47.495463,98048,277,1,1312559917,1479209000,0
GSM,262,1,17161,63598,0,11.109549,47.533904,17677,131,1,1312559917,1702503158,0
GSM,262,7,51056,20349,0,11.099296,47.497992,97726,268,1,1312559917,1479238190,0
GSM,262,3,32329,56399,0,11.057183,47.508595,96098,41,1,1312559917,1407379311,0
GSM,262,3,32329,25039,0,11.106208,47.527498,94577,26,1,1312559917,1354252629,0
GSM,262,1,17161,3804,0,11.103246,47.506294,8152,180,1,1312559917,1702503156,0
GSM,262,2,831,2031,0,11.093368,47.498498,9221,2000,1,1312559917,1415654278,0
GSM,262,7,51056,10491,0,11.101925,47.492722,7371,298,1,1312561025,1479238115,0
GSM,262,2,831,5513,0,11.084518,47.493795,55159,2000,1,1312561025,1414171233,0
GSM,262,2,831,34312,0,11.066912,47.487625,5094,2000,1,1312561025,1381200779,0
GSM,262,1,17161,23358,0,11.111429,47.487731,1949,103,1,1312561025,1666226148,0
GSM,262,2,831,2032,0,11.107155,47.48416,2896,2000,1,1312561025,1412653337,0
GSM,262,1,17161,37361,0,11.099778,47.488412,7240,154,1,1312561025,1702503160,0
GSM,262,1,17161,23364,0,11.116472,47.488076,6474,172,1,1312561025,1418246569,0
GSM,262,7,51056,50491,0,11.095257,47.501454,7174,346,1,1312561025,1479238115,0
GSM,262,1,17161,33177,0,11.110934,47.496038,4750,17,1,1312561025,1397894003,0
GSM,262,7,51056,31983,0,11.110337,47.488691,2603,55,1,1312561025,1479209000,0
GSM,262,7,51056,11372,0,11.064767,47.59803,153707,746,1,1312561025,1479207475,0
GSM,262,1,17161,23355,0,11.080431,47.49059,3160,170,1,1312561025,1702503158,0
GSM,262,7,51056,10329,0,11.09353,47.490616,3277,281,1,1312561025,1479209743,0
GSM,262,2,831,22301,0,11.088999,47.498951,31203,2000,1,1312561025,1415658723,0
GSM,262,1,17161,47976,0,11.109023,47.522775,5767,193,1,1312561025,1702503156,0
GSM,262,3,32329,25049,0,11.136432,47.490476,8105,5,1,1312610374,1348803919,0
GSM,262,1,17161,23359,0,11.095533,47.501204,2773,109,1,1312610374,1702503156,0
GSM,262,7,51056,349,0,11.125719,47.487367,3823,94,1,1312610374,1479209000,0
GSM,262,2,831,27631,0,11.045957,47.478509,24483,2000,1,1312610374,1415657160,0
GSM,262,1,17161,33156,0,11.102032,47.50731,8806,45,1,1312610374,1397894003,0
GSM,262,2,831,5512,0,11.07709,47.477196,23190,296,1,1312610374,1412945383,0
GSM,262,1,17161,10895,0,11.013328,47.480744,6465,102,1,1312610374,1702503158,0
GSM,262,2,831,34311,0,11.122855,47.485283,2458,2000,1,1312610374,1385177883,0
GSM,262,3,32329,63689,0,11.080928,47.489599,9378,49,1,1312615156,1407379311,0
GSM,262,3,32329,63779,0,11.092291,47.503069,10075,51,1,1312615401,1392372229,0
GSM,262,2,831,36023,0,11.052673,47.479853,2914,424,1,1312615645,1411620798,0
GSM,262,2,831,36022,0,11.059933,47.473761,3164,123,1,1312615645,1411620802,0
GSM,262,2,831,36021,0,11.066107,47.465337,1976,118,1,1312615645,1411619882,0
GSM,262,2,831,17381,0,11.045325,47.479208,3485,2000,1,1312615645,1411620697,0
GSM,262,1,17161,37412,0,11.050329,47.478737,5658,132,1,1312615645,1702503158,0
GSM,262,7,51056,30329,0,11.055432,47.473819,5125,191,1,1312615645,1479208590,0
GSM,262,2,831,27632,0,11.081972,47.479078,22390,136,1,1312615645,1412945383,0
GSM,262,1,17161,48055,0,11.126336,47.545718,5358,107,1,1312615645,1702503154,0
GSM,262,7,51056,32009,0,11.064179,47.469905,12136,36,1,1312615645,1478127350,0
GSM,262,2,831,17382,0,11.025945,47.474465,4428,2000,1,1312615645,1411620698,0
GSM,262,1,17161,37414,0,11.050195,47.481456,10068,128,1,1312615645,1702503158,0
GSM,262,2,831,18802,0,11.162281,47.576491,15455,926,1,1312615645,1414816465,0
GSM,262,3,32329,63759,0,11.115861,47.530062,7411,12,1,1312635396,1352442638,0
GSM,262,1,17161,23361,0,11.128752,47.485746,11193,621,1,1312636620,1418251070,0
GSM,262,7,51056,31372,0,11.03127,47.641458,71054,763,1,1312636620,1479209379,0
GSM,262,3,32329,63749,0,11.13225,47.54413,6026,13,1,1312709770,1352442638,0
GSM,262,3,32329,56589,0,11.128575,47.544149,5818,11,1,1312709770,1392372229,0
GSM,262,3,32329,57229,0,11.08752,47.575111,4545,11,1,1312710505,1403748017,0
GSM,262,3,32329,51959,0,10.717548,47.583551,28614,1551,1,1316430063,1403159409,0
GSM,262,2,831,5521,0,11.275064,47.451608,5940,242,1,1318246673,1414807040,0
GSM,262,2,831,10091,0,11.259838,47.494814,3735,6,1,1318247017,1410754660,0
GSM,262,2,831,971,0,11.272101,47.523968,51603,167,1,1318247557,1412653337,0
GSM,262,2,831,10092,0,11.270458,47.489416,4289,194,1,1318247557,1414807101,0
GSM,262,2,831,35611,0,11.283351,47.500242,9674,456,1,1318247902,1414807341,0
GSM,262,2,831,12701,0,11.190196,47.488191,5774,168,1,1318248078,1414807641,0
GSM,262,2,831,22302,0,11.093972,47.508975,136133,2000,1,1318248782,1415658842,0
GSM,262,2,831,2023,0,11.126982,47.562121,13139,598,1,1318248954,1415653621,0
GSM,262,2,831,2022,0,11.125271,47.541747,15071,1049,1,1318248954,1415659263,0
GSM,262,2,831,9462,0,11.191348,47.641066,22320,1491,1,1318249303,1415424044,0
GSM,262,2,831,18801,0,11.1812,47.596904,11623,790,1,1318249303,1414816587,0
GSM,262,2,831,2021,0,11.146593,47.56942,15080,1252,1,1318249303,1415659380,0
GSM,262,2,831,5751,0,11.192087,47.64721,18379,111,1,1318249650,1370046998,0
GSM,262,2,831,5502,0,11.205164,47.630177,16816,1889,1,1318249650,1415842658,0
GSM,262,7,51048,30768,0,10.70822,47.569325,11686,2000,1,1318396979,1479206179,0
GSM,262,2,844,52051,0,10.733912,47.588722,16527,2000,1,1322029836,1451889304,0
GSM,262,2,844,32562,0,10.704578,47.570903,6240,2000,1,1322030262,1489062738,0
GSM,262,1,17161,3304,0,11.059137,47.680258,26877,104,1,1322643465,1665305803,0
GSM,262,7,51056,31959,0,11.183583,47.623585,113041,103,1,1322655690,1478681435,0
GSM,262,1,17161,41970,0,11.21178,47.640436,6915,176,1,1322655690,1702503150,0
GSM,262,7,51056,22233,0,11.171677,47.623758,112152,110,1,1322655690,1479237355,0
GSM,262,7,51056,30328,0,11.203621,47.628269,10414,273,1,1322655690,1479236317,0
GSM,262,1,17161,41972,0,11.175332,47.602392,8683,200,1,1322655690,1702503151,0
GSM,262,1,17161,41979,0,11.138112,47.659956,7238,128,1,1322655690,1702503148,0
GSM,262,7,51056,51959,0,11.15822,47.663449,9881,129,1,1322655690,1479236317,0
GSM,262,3,32329,31999,0,11.180159,47.596876,11533,27,1,1322657034,1401923439,0
GSM,262,7,51056,30491,0,11.092914,47.493828,3910,238,1,1322658303,1479238115,0
GSM,262,2,831,2033,0,11.085633,47.489824,8886,2000,1,1322658303,1415656501,0
GSM,262,1,17161,33184,0,11.088637,47.497527,3603,14,1,1322658303,1397109509,0
GSM,262,1,17161,23362,0,11.129837,47.485367,5485,7,1,1322658303,1411629839,0
GSM,262,7,51056,11901,0,11.089062,47.499763,5181,231,1,1322658303,1479213626,0
GSM,262,7,51056,51999,0,11.099625,47.497795,4807,65,1,1322658303,1470176268,0
GSM,262,3,32329,32009,0,11.170071,47.585317,15049,31,1,1322661075,1365976360,0
GSM,262,3,32329,56579,0,11.107174,47.519303,2775,4,1,1323865927,1352440099,0
GSM,262,3,51056,30328,0,11.210518,47.632737,7889,92,1,1325142631,1499155238,0
GSM,262,3,51056,22233,0,11.17932,47.607993,12258,113,1,1325142631,1499659788,0
GSM,262,3,32329,51809,0,11.124995,47.672185,11646,42,1,1325143963,1350896989,0
GSM,262,2,840,17142,0,11.05206,47.671419,12301,120,1,1327996890,1689928437,0
GSM,262,7,51056,50325,0,11.125009,47.560607,5622,196,1,1327997471,1477795513,0
GSM,262,1,17161,23356,0,11.13703,47.563015,2763,121,1,1327997471,1702503153,0
GSM,262,7,51056,30325,0,11.130787,47.560856,3779,240,1,1327997471,1479213901,0
GSM,262,7,51056,10325,0,11.133522,47.56282,6153,263,1,1327997471,1479237355,0
GSM,262,2,840,17131,0,11.032491,47.627554,13167,172,1,1327997553,1408433804,0
GSM,262,2,831,5551,0,11.067249,47.597151,11287,758,1,1327997553,1415848937,0
GSM,262,2,831,5552,0,11.034123,47.623681,7421,183,1,1328004215,1415848933,0
GSM,262,2,840,24651,0,10.985953,47.700019,7030,161,1,1328004893,1692255516,0
GSM,262,7,51048,2002,0,10.789509,47.64728,29481,1995,1,1328642594,1479197964,0
GSM,262,3,32329,41110,0,10.728215,47.565229,16259,724,1,1331708041,1403159436,0
GSM,262,1,17161,30104,0,11.012128,47.682577,5673,102,1,1331905042,1664879306,0
GSM,262,2,831,17401,0,11.117643,47.533517,16150,762,1,1333394934,1415659142,0
GSM,262,2,65343,34313,0,11.117814,47.486813,3391,41,1,1333438467,1338812482,0
GSM,262,2,51056,50330,0,11.110610961914,47.494583129883,1000,1,1,1333505511,1333505511,0
GSM,262,3,32329,57889,0,11.003945,47.474913,5606,3,1,1333682730,1337409298,0
GSM,262,2,831,17371,0,11.101009,47.562984,6882,2000,1,1333705382,1410752368,0
GSM,262,7,32329,23710,0,11.066665649414,47.594833374023,1000,1,1,1333685895,1333685895,0
GSM,262,1,17161,47765,0,11.066522,47.593605,1435,19,1,1333705797,1403743469,0
GSM,262,2,831,17501,0,10.969549,47.569661,9141,400,1,1333711098,1408433804,0
GSM,262,3,32329,54369,0,10.956802368164,47.570114135742,1000,3,1,1333697181,1333697181,0
GSM,262,2,32329,54369,0,10.956802368164,47.570114135742,1000,1,1,1333697201,1333697201,0
GSM,262,3,32329,54329,0,10.956802368164,47.570114135742,1000,1,1,1333697761,1333697761,0
GSM,262,2,831,27611,0,10.99155,47.458128,1007,526,1,1333724192,1413523203,0
GSM,262,3,32329,56319,0,10.978243,47.478109,6211,13,1,1333962698,1402865485,0
GSM,262,3,32329,56369,0,10.96792,47.474817,5522,10,1,1333963061,1381185669,0
GSM,262,3,32329,56569,0,11.170482,47.587693,4245,5,1,1333964494,1349310386,0
GSM,262,1,51056,10329,0,11.076278686523,47.484970092773,1000,1,1,1334124637,1334124637,0
GSM,262,2,51056,30329,0,11.051559,47.483597,1000,2,1,1334178943,1334195222,0
GSM,262,1,51056,2173,0,11.062545776367,47.482223510742,1000,1,1,1334279192,1334279192,0
GSM,262,2,65343,17401,0,11.124341,47.534409,2112,2,1,1334305872,1338087905,0
GSM,262,3,831,27631,0,11.041946411133,47.480850219727,1000,1,1,1334678477,1334678477,0
GSM,262,1,17161,48052,0,11.068314,47.484817,6986,155,1,1334731782,1702503158,0
GSM,262,7,51056,42233,0,11.164413,47.66052,9219,144,1,1334845715,1478003844,0
GSM,262,2,51056,2173,0,11.025466918945,47.475357055664,1000,1,1,1335361065,1335361065,0
GSM,262,2,831,27613,0,10.989882,47.457019,6292,444,1,1335724493,1413525237,0
GSM,262,2,831,27612,0,10.995625,47.458381,6560,11,1,1335725537,1413523638,0
GSM,262,3,51056,2173,0,11.103667,47.509695,20349,475,1,1335843985,1499663027,0
GSM,262,1,831,36023,0,11.062545776367,47.482223510742,1000,1,1,1335953858,1335953858,0
GSM,262,7,51056,30324,0,11.140646,47.559544,9704,325,1,1336380570,1479214081,0
GSM,262,3,831,2023,0,11.107864379883,47.561874389648,1000,1,1,1336529985,1336529985,0
GSM,262,2,65343,17382,0,11.026497,47.479134,1000,4,1,1337053172,1338887879,0
GSM,262,2,65343,36022,0,11.062545776367,47.471237182617,1000,3,1,1337233997,1337233997,0
GSM,262,1,831,27631,0,11.01448059082,47.475357055664,1000,4,1,1337409754,1338022919,0
GSM,262,2,831,12702,0,11.16589,47.488565,2348,162,1,1337418143,1414807759,0
GSM,262,2,831,10781,0,11.228823,47.486211,3727,165,1,1337418474,1414807459,0
GSM,262,2,831,22321,0,11.258617,47.42098,3285,151,1,1337419249,1415889072,0
GSM,262,2,831,22332,0,11.263528,47.402898,1837,114,1,1337419387,1414803678,0
GSM,262,2,831,22331,0,11.264419,47.396622,4259,39,1,1337419449,1414451571,0
GSM,262,2,65343,27611,0,10.993293,47.456131,1000,7,1,1337422619,1341466433,0
GSM,262,2,65343,36023,0,11.061172485352,47.472610473633,1000,1,1,1337403629,1337403629,0
GSM,262,3,32329,51819,0,11.067239,47.675991,9537,12,1,1337676366,1350896989,0
GSM,262,3,17161,30104,0,11.009686,47.688908,3202,2,1,1337676435,1434755832,0
GSM,262,7,51056,50381,0,11.02066,47.478333,2596,18,1,1337814404,1475835819,0
GSM,262,2,32329,23690,0,11.210861206055,47.631912231445,1000,1,1,1337820320,1337820320,0
GSM,262,2,17161,10895,0,11.01448059082,47.475357055664,1000,5,1,1337893632,1338160033,0
GSM,262,3,51056,30329,0,11.053825,47.478577,7888,76,1,1337965541,1494670965,0
GSM,262,1,831,17382,0,11.01448059082,47.475357055664,1000,1,1,1338159390,1338159390,0
GSM,262,1,51056,50381,0,11.01448059082,47.475357055664,1000,1,1,1338160234,1338160234,0
GSM,262,2,831,17411,0,11.212234,47.470093,1924,6,1,1338643326,1338643326,0
GSM,262,2,65343,12701,0,11.176528930664,47.48908996582,1000,1,1,1338646841,1338646841,0
GSM,262,2,65343,2022,0,11.136703491211,47.556381225586,1000,1,1,1338696451,1338696451,0
GSM,262,2,65343,2031,0,11.091384887695,47.491836547852,1000,1,1,1338812763,1338812763,0
GSM,262,2,65343,22302,0,11.106491088867,47.504196166992,1000,126,1,1338882093,1338882093,0
GSM,262,7,32329,51799,0,11.044692993164,47.670364379883,1000,1,1,1339547014,1339547014,0
GSM,262,3,32369,41119,0,11.271929,47.497856,11673,68,1,1340187453,1478688119,0
GSM,262,3,32369,57769,0,11.182956,47.48871,6553,25,1,1340188012,1479208161,0
GSM,262,3,32369,57759,0,11.193436,47.48772,6128,29,1,1340190590,1479208164,0
GSM,262,3,32369,41129,0,11.266765,47.452116,7038,79,1,1340190839,1478688119,0
GSM,262,2,32329,57889,0,10.993881225586,47.456130981445,1000,1,1,1341466231,1341466231,0
GSM,262,7,51056,31376,0,11.037939,47.663028,12746,119,1,1341598185,1479205610,0
GSM,262,7,51056,51376,0,11.022667,47.675289,12779,158,1,1341598369,1479205610,0
GSM,262,7,51056,11376,0,11.103848,47.668792,11291,113,1,1341598369,1477564895,0
UMTS,262,2,958,236929781,0,11.162108,47.675544,6290,26,1,1342895734,1414155385,0
UMTS,262,2,958,236918143,0,11.158521,47.653021,4601,19,1,1342896407,1409907288,0
UMTS,262,2,958,236918146,0,11.16745,47.614239,3291,31,1,1343171211,1412958804,0
UMTS,262,2,958,236918142,0,11.205056,47.626072,6231,118,1,1343171212,1412958804,0
GSM,262,3,31829,26219,0,11.114454,47.526542,46190,706,1,1261218140,1261218140,0
GSM,262,3,31829,52659,0,11.006286,47.644615,5443,242,1,1251007315,1251007315,0
GSM,262,3,31829,52539,0,11.012613,47.649905,5652,169,1,1251007425,1251007425,0
GSM,262,3,31829,51839,0,11.019927,47.671412,13589,582,1,1251007754,1251007754,0
GSM,262,3,31829,52599,0,11.033184,47.625823,5414,165,1,1251007315,1251007315,0
GSM,262,3,31829,23710,0,11.128769,47.675608,40456,1030,1,1261241292,1261241292,0
GSM,262,3,31829,30270,0,10.985377,47.677351,4618,243,1,1251007104,1251007104,0
GSM,262,1,34053,27873,0,10.708582,47.558702,13717,1376,1,1252060780,1252060780,0
GSM,262,1,34053,60203,0,10.69981,47.561838,6253,1092,1,1252060780,1252060780,0
GSM,262,3,31829,23700,0,11.121334,47.599243,34563,342,1,1252585968,1252585968,0
GSM,262,3,31829,38109,0,10.701687,47.557896,8201,444,1,1266744177,1266744177,0
GSM,262,3,31829,41110,0,10.718325,47.547015,1835,78,1,1266744159,1266744159,0
GSM,262,3,31829,17029,0,10.705885,47.558894,5065,273,1,1266744159,1266744159,0
GSM,262,3,31819,51979,0,10.71373,47.572861,8704,4,1,1252057767,1252057767,0
GSM,262,3,33619,57769,0,11.163113,47.488034,1174,13,1,1252584506,1252584506,0
GSM,262,3,31829,56389,0,11.091048,47.47692,13275,738,1,1252585637,1252585637,0
GSM,262,3,31829,26079,0,11.109675,47.467626,34225,369,1,1252584636,1252584636,0
GSM,262,3,33619,57759,0,11.182798,47.488494,2110,23,1,1252584476,1252584476,0
GSM,262,3,31829,37009,0,11.104762,47.491083,47789,540,1,1252585547,1252585547,0
GSM,262,3,31829,37029,0,11.091512,47.469017,10894,579,1,1252585066,1252585066,0
GSM,262,3,31829,37019,0,11.092291,47.462145,5132,401,1,1252584736,1252584736,0
GSM,262,3,31829,57769,0,11.14357,47.485657,1000,2,1,1252584526,1252584526,0
GSM,262,3,31829,63679,0,11.095641,47.481704,4878,190,1,1252584966,1252584966,0
GSM,262,3,31829,25049,0,11.115074,47.483168,1795,16,1,1252584766,1252584766,0
GSM,262,3,31829,25039,0,11.103859,47.481499,1765,36,1,1252584756,1252584756,0
GSM,262,3,31829,25059,0,11.095876,47.490282,2053,159,1,1252585046,1252585046,0
GSM,262,3,31819,51799,0,11.090327,47.692197,35209,55,1,1252834966,1252834966,0
GSM,262,3,31819,63029,0,10.976597,47.680382,3685,17,1,1251002861,1251002861,0
GSM,262,1,34053,42842,0,10.719892,47.553459,9698,552,1,1252060481,1252060481,0
GSM,262,3,33719,30220,0,11.028213500977,47.670364379883,1000,1,1,1244532736,1244532736,0
GSM,262,3,31829,51819,0,11.071004,47.666887,4818,107,1,1251007835,1251007835,0
GSM,262,1,34055,39367,0,10.712356567383,47.549514770508,1000,29,1,1252056878,1252056878,0
GSM,262,3,31829,63779,0,11.084597,47.473548,5248,484,1,1252585156,1252585156,0
GSM,262,3,31829,63699,0,11.093536,47.488233,2436,189,1,1252585086,1252585086,0
GSM,262,3,31829,63789,0,11.086656,47.482226,5420,39,1,1252585156,1252585156,0
GSM,262,3,31829,63769,0,11.131747,47.545095,9265,50,1,1252585387,1252585387,0
GSM,262,3,31829,56569,0,11.094504,47.507318,3739,22,1,1252585277,1252585277,0
GSM,262,3,31829,56579,0,11.114043,47.525482,1056,2,1,1252585267,1252585267,0
GSM,262,3,31829,63739,0,11.128004,47.548234,3760,15,1,1252585397,1252585397,0
GSM,262,3,31829,63749,0,11.098777,47.490498,7322,41,1,1252585367,1252585367,0
GSM,262,3,31829,56589,0,11.104506,47.520313,4131,34,1,1252585367,1252585367,0
GSM,262,3,31829,63759,0,11.076992,47.472501,9803,74,1,1252585367,1252585367,0
GSM,262,3,31829,32009,0,11.159109,47.577101,11504,93,1,1252585737,1252585737,0
GSM,262,3,31829,37679,0,11.132038,47.574277,12015,144,1,1252586109,1252586109,0
GSM,262,3,31119,14770,0,10.717849731445,47.545394897461,1000,1,1,1252058118,1252058118,0
GSM,262,3,31819,14770,0,10.717849731445,47.545394897461,1000,3,1,1252058147,1252058147,0
GSM,262,3,31829,51959,0,10.718786,47.544833,1000,22,1,1252058429,1252058429,0
GSM,262,3,31829,16939,0,10.719223022461,47.545394897461,1000,1,1,1252058267,1252058267,0
GSM,262,3,31829,14770,0,10.719223,47.544365,1000,4,1,1252058297,1252058297,0
GSM,262,3,31829,57889,0,11.139469,47.587611,20830,18,1,1252586480,1252586480,0
GSM,262,1,34053,42782,0,10.715115,47.569986,6782,115,1,1252060550,1252060550,0
GSM,262,1,33545,27872,0,10.730209350586,47.553634643555,1000,5,1,1252053796,1252053796,0
GSM,262,3,31819,51839,0,11.121597,47.667618,1000,2,1,1251007845,1251007845,0
GSM,262,1,34053,61562,0,10.722122,47.552414,1000,18,1,1252056057,1252056057,0
GSM,262,3,33619,64289,0,11.278152,47.449814,1000,5,1,1252583694,1252583694,0
GSM,262,3,33619,59939,0,11.27678,47.474337,3253,35,1,1252583995,1252583995,0
GSM,262,3,33619,64299,0,11.280212,47.45878,1586,14,1,1252583784,1252583784,0
GSM,262,3,33619,41129,0,11.273348,47.471009,3202,30,1,1252584075,1252584075,0
GSM,262,3,33619,64279,0,11.275996,47.475789,3255,35,1,1252584045,1252584045,0
GSM,262,3,33619,59949,0,11.271483,47.486589,3334,28,1,1252584055,1252584055,0
GSM,262,3,33619,53839,0,11.270957,47.486893,2036,25,1,1252584095,1252584095,0
GSM,262,3,33619,41119,0,11.254249,47.490131,2643,37,1,1252584226,1252584226,0
GSM,262,3,33619,59929,0,11.263982,47.492399,1804,22,1,1252584115,1252584115,0
GSM,262,3,31829,37669,0,11.144463,47.568051,3988,147,1,1252585687,1252585687,0
GSM,262,3,31829,57229,0,11.095869,47.566935,3339,57,1,1252585397,1252585397,0
GSM,262,3,31829,37689,0,11.128557,47.563498,2809,88,1,1252585577,1252585577,0
GSM,262,3,31829,31999,0,11.177982,47.595645,4255,66,1,1252585878,1252585878,0
GSM,262,3,31829,56009,0,11.142014,47.539272,37753,65,1,1248999179,1248999179,0
GSM,262,1,33545,42782,0,10.730209350586,47.553634643555,1000,3,1,1252052956,1252052956,0
GSM,262,3,31819,51819,0,11.07254,47.667777,5010,18,1,1251001000,1251001000,0
GSM,262,3,31819,37679,0,11.188888549805,47.604446411133,1000,1,1,1252585757,1252585757,0
GSM,262,1,34053,39367,0,10.712356567383,47.549514770508,1000,1,1,1252056918,1252056918,0
GSM,262,1,33545,39367,0,10.712082,47.549515,1000,10,1,1252057038,1252057038,0
GSM,262,3,33619,61859,0,11.268539428711,47.500076293945,1000,1,1,1252583965,1252583965,0
GSM,262,3,31829,53839,0,11.256729,47.494858,1000,5,1,1252584055,1252584055,0
GSM,262,3,31829,59939,0,11.254349,47.492752,1000,3,1,1252584055,1252584055,0
GSM,262,3,33619,61869,0,11.25,47.48703,1000,2,1,1252584085,1252584085,0
GSM,262,3,31829,59949,0,11.247116,47.485245,1000,5,1,1252584115,1252584115,0
GSM,262,3,31829,31189,0,10.97053527832,47.647018432617,1000,5,1,1251001711,1251001711,0
GSM,262,3,31829,51979,0,10.720596313477,47.544021606445,1000,8,1,1252058538,1252058538,0
GSM,262,3,31829,17179,0,10.720596313477,47.544021606445,1000,2,1,1252058528,1252058528,0
GSM,262,3,31829,56399,0,11.071767,47.463788,38955,313,1,1261241271,1261241271,0
UMTS,262,2,958,236922732,0,11.284234,47.525482,5207,28,1,1345040318,1408433808,0
UMTS,262,2,958,236922736,0,11.269221,47.508317,2313,2,1,1345040318,1408433844,0
GSM,262,3,9169,51959,0,10.739822387695,47.559127807617,1000,2,1,1317534113,1317534113,0
GSM,262,3,32329,16390,0,10.739822387695,47.559127807617,1000,8,1,1317535423,1317535423,0
GSM,262,3,32329,51979,0,10.741195678711,47.559127807617,1000,5,1,1317532563,1317532563,0
GSM,262,3,9169,51979,0,10.739822387695,47.559127807617,1000,1,1,1317535453,1317535453,0
GSM,262,3,9129,51979,0,10.741195678711,47.559127807617,1000,2,1,1317532743,1317532743,0
GSM,262,3,32329,16939,0,10.741195678711,47.559127807617,1000,2,1,1317532743,1317532743,0
GSM,262,3,9129,41110,0,10.741195678711,47.559127807617,1000,3,1,1317532933,1317532933,0
GSM,262,3,32339,10700,0,10.741195678711,47.557754516602,1000,1,1,1317533213,1317533213,0
GSM,262,1,17161,17629,0,11.031483,47.650829,7916,200,1,1345828769,1647758471,0
GSM,262,7,51056,22234,0,11.09846,47.508135,5767,98,1,1345896977,1477308244,0
GSM,262,1,17161,23370,0,11.122847,47.542784,9871,131,1,1345896977,1702503154,0
GSM,262,7,51056,31901,0,11.105998,47.511978,3398,39,1,1345896977,1477621698,0
GSM,262,1,17161,23357,0,11.118846,47.535297,4395,106,1,1345898528,1702503155,0
GSM,262,1,17161,17564,0,11.033727,47.618339,6372,102,1,1345899795,1664878696,0
GSM,262,1,17161,47770,0,11.029945,47.625457,7767,532,1,1345899795,1634531784,0
GSM,262,1,17161,47767,0,11.055935,47.600124,3549,54,1,1345899795,1406080625,0
GSM,262,1,17161,47762,0,11.036897,47.614536,4437,102,1,1345899795,1663571438,0
GSM,262,7,51056,22038,0,11.014793,47.647537,147059,663,1,1345900516,1479207475,0
GSM,262,1,17161,47772,0,11.194713,47.660176,5651,115,1,1345993757,1702503150,0
GSM,262,7,51056,50533,0,11.192801,47.655082,11885,124,1,1345993757,1479383458,0
GSM,262,3,831,5551,0,11.062545776367,47.590713500977,1000,1,1,1347357419,1347357419,0
GSM,262,1,17161,47769,0,11.092916,47.566971,5937,689,1,1347384390,1448657235,0
GSM,262,3,12000,995,0,10.725815,47.508865,3881,5,1,1347384955,1475128564,0
GSM,262,3,32369,59939,0,11.273165,47.477068,9369,57,1,1348269591,1475534139,0
GSM,262,3,32369,64279,0,11.264709,47.451509,6511,52,1,1348270124,1478190649,0
GSM,262,3,32369,53839,0,11.299593,47.558704,18604,229,1,1348270124,1478688119,0
GSM,262,3,32369,59949,0,11.273173,47.483082,8842,16,1,1348270124,1478190649,0
GSM,262,3,65393,57759,0,11.268539428711,47.500076293945,1000,1,1,1348796630,1348796630,0
GSM,262,3,32369,59929,0,11.276309,47.503666,7921,44,1,1348817119,1478190649,0
GSM,262,3,32369,64299,0,11.244058,47.439959,9420,41,1,1348817558,1478190649,0
GSM,262,3,32369,64289,0,11.25309,47.434676,6595,40,1,1348817558,1476922635,0
GSM,262,3,65353,63689,0,11.094131,47.491837,1000,2,1,1348805225,1348805225,0
GSM,262,3,6701,43917,0,11.260987,47.479477,1839,2,1,1349328753,1466446814,0
GSM,262,2,831,42583,0,11.081082,47.492949,9095,42,1,1354025066,1415658603,0
GSM,262,7,51056,11999,0,11.1227,47.474947,3859,10,1,1354025072,1479209000,0
UMTS,262,3,614,13416887,0,10.734329223633,47.505569458008,1000,1,1,1357965776,1357965776,0
GSM,262,1,17161,47759,0,11.042708,47.60705,3529,103,1,1360751437,1664878703,0
GSM,262,1,17161,47761,0,11.057671,47.596666,4833,104,1,1360751437,1664878566,0
UMTS,262,1,17036,2442074,0,10.746179,47.5576,1538,62,1,1364388138,1368062960,0
GSM,262,1,16931,27873,0,10.790517,47.605565,5375,132,1,1364586754,1692254185,0
UMTS,262,1,17036,2477035,0,10.746688842773,47.556381225586,1000,1,1,1368062946,1368062946,0
UMTS,262,1,17036,2442076,0,10.71991,47.565994,1000,2,1,1368062960,1368062960,0
UMTS,262,1,17036,2432603,0,10.709609985352,47.565994262695,1000,1,1,1368062960,1368062960,0
UMTS,262,2,958,236922102,0,11.195748,47.656975,6337,4,1,1369656398,1409731601,0
UMTS,262,2,958,236914661,0,11.150767,47.569657,4269,33,1,1369656398,1408433818,0
UMTS,262,2,958,236934942,0,11.081799,47.49533,3042,46,1,1369656404,1408433804,0
UMTS,262,1,17036,2437013,0,10.721969,47.569657,1013,6,1,1371375503,1371375503,0
UMTS,262,1,17036,2447190,0,10.836079,47.662967,13022,56,1,1371375529,1371375529,0
UMTS,262,1,17036,2447210,0,10.732955932617,47.574234008789,1000,1,1,1371370011,1371370011,0
UMTS,262,1,17036,2447207,0,10.732955932617,47.574234008789,1000,1,1,1371370030,1371370030,0
GSM,262,1,17161,23371,0,11.176189,47.594877,8540,133,1,1372441591,1702503152,0
GSM,262,1,65289,23355,0,11.107864379883,47.491836547852,1000,1,1,1372504130,1372504130,0
GSM,262,1,65289,23362,0,11.103744506836,47.494583129883,1000,1,1,1372565567,1372565567,0
GSM,262,1,65289,23359,0,11.104432,47.49733,1000,2,1,1372568009,1372568009,0
GSM,262,1,17161,30764,0,11.232227,47.484873,2325,200,1,1372588454,1702503162,0
GSM,262,1,17161,3649,0,11.276236,47.490923,14375,581,1,1372588796,1432066081,0
GSM,262,1,17161,3612,0,11.251771,47.489958,12849,552,1,1372589025,1431733334,0
GSM,262,1,17161,14907,0,11.177912,47.488194,2123,200,1,1372589025,1702503161,0
GSM,262,1,17161,52810,0,11.28054,47.514531,20076,493,1,1372589269,1592295827,0
GSM,262,1,17161,3543,0,11.267725,47.445847,7982,113,1,1372598094,1702503164,0
GSM,262,1,17161,47952,0,11.278581,47.479894,15019,139,1,1372598297,1702503163,0
GSM,262,1,17161,55529,0,11.26639,47.446018,2931,102,1,1372598297,1702503164,0
GSM,262,1,17161,55526,0,11.267372,47.441759,3330,110,1,1372598297,1702503164,0
GSM,262,1,17161,55528,0,11.261706,47.429798,6259,117,1,1372600247,1702503164,0
GSM,262,1,17161,49038,0,11.246877,47.484851,5886,200,1,1372604642,1702503162,0
GSM,262,1,17161,6962,0,11.117379,47.529699,6124,152,1,1372605387,1702503153,0
GSM,262,1,17161,34275,0,11.146822,47.56873,4518,135,1,1372605807,1702503152,0
LTE,262,2,48050,21684482,0,11.211402,47.637306,1352,3,1,1372615981,1533675150,0
UMTS,262,1,17291,1388461,0,11.193762,47.652167,6312,40,1,1372834242,1519928798,0
UMTS,262,1,17291,1417574,0,11.164091,47.666615,3262,41,1,1372834381,1519924602,0
UMTS,262,1,17291,1402776,0,11.183499,47.663123,2941,24,1,1372834742,1519924858,0
UMTS,262,7,51504,33066473,0,11.052169,47.47551,1209,9,1,1373178132,1478127350,0
UMTS,262,7,51504,33056473,0,11.056129,47.445558,6246,737,1,1373178143,1478127350,0
GSM,262,2,831,27551,0,11.057328,47.575749,18820,12,1,1374219297,1380520841,0
GSM,262,2,844,57473,0,11.037973,47.616539,4816,77,1,1375164926,1432009643,0
GSM,262,2,844,57471,0,11.049209,47.606209,6614,39,1,1375165300,1432009642,0
GSM,262,2,844,57472,0,11.050737,47.605912,6677,61,1,1375165786,1432266533,0
UMTS,262,2,958,236929783,0,11.031242,47.670224,1323,39,1,1375446422,1408433804,0
UMTS,262,2,958,236929787,0,11.031877,47.673417,1404,9,1,1375427631,1375427631,0
UMTS,262,1,17291,1421536,0,11.03507,47.479745,1302,22,1,1375600267,1494675522,0
UMTS,262,1,17291,1387213,0,11.031466,47.479983,1000,19,1,1375600267,1490706598,0
UMTS,262,1,17291,1432225,0,11.016195,47.474134,1000,10,1,1375600341,1505847509,0
UMTS,262,1,17291,1387214,0,11.013909,47.472725,1084,12,1,1375600378,1483948042,0
GSM,262,1,17161,16525,0,10.988837,47.458779,757,163,1,1375600630,1592370565,0
UMTS,262,1,17161,1432225,0,11.011734008789,47.473983764648,1000,1,1,1375596728,1375596728,0
UMTS,262,1,17291,1435213,0,11.055832,47.47963,1093,18,1,1375616977,1490706598,0
UMTS,262,1,17291,1415447,0,11.05319,47.479162,1000,48,1,1375619911,1490706598,0
GSM,262,1,17291,7266,0,11.04606628418,47.480850219727,1000,1,1,1375600621,1375600621,0
GSM,262,1,17161,10896,0,10.960191,47.478103,11894,1283,1,1375620757,1652267894,0
GSM,262,7,51056,31999,0,11.1209,47.463357,5464,191,1,1376301928,1470176268,0
UMTS,262,7,51504,33056635,0,11.108359,47.489584,1067,25,1,1376322735,1478127350,0
UMTS,262,7,51504,33076635,0,11.090012,47.495041,1000,9,1,1377443961,1478127350,0
UMTS,262,1,17036,4735834,0,10.745154,47.557208,2183,479,1,1380115561,1505552244,0
UMTS,262,1,17036,4740967,0,10.744653,47.556987,2588,416,1,1380115693,1513168849,0
UMTS,262,1,17036,4735828,0,10.750762,47.580177,3177,40,1,1380116360,1513168910,0
UMTS,262,1,17036,4740950,0,10.751944,47.57834,42592,107,1,1380116426,1513168855,0
UMTS,262,1,17036,4735836,0,10.722775,47.569543,1028,27,1,1380116525,1513168723,0
UMTS,262,1,17036,4740970,0,10.723784,47.568386,1000,48,1,1380116895,1513168775,0
UMTS,262,1,17036,4730773,0,10.710324,47.566178,2534,30,1,1380117072,1513168714,0
UMTS,262,1,17036,4726363,0,10.707323,47.566216,1000,26,1,1380117118,1513168721,0
GSM,262,2,831,42581,0,11.133458,47.485194,2148,135,1,1380545385,1414807881,0
GSM,262,7,51056,30383,0,11.129203,47.489705,10305,93,1,1380545867,1478262381,0
GSM,262,7,51056,10383,0,11.204644,47.490153,5782,57,1,1380545867,1478262801,0
UMTS,262,1,17036,4763939,0,10.791994,47.635599,36044,123,1,1381220229,1467338922,0
GSM,262,1,16931,42782,0,10.734873,47.601227,12716,2275,1,1381220710,1457313055,0
GSM,262,1,17161,53464,0,11.043817,47.608107,6834,882,1,1381509234,1659923362,0
GSM,262,1,17161,47766,0,11.06499,47.593315,5368,227,1,1381509731,1409571454,0
GSM,262,1,17161,53463,0,11.045205,47.605208,4681,102,1,1381509731,1664878703,0
GSM,262,1,16931,60197,0,10.739899,47.586064,8167,117,1,1383668858,1692254133,0
UMTS,262,2,16,730145,0,10.732615,47.507973,1826,4,1,1384866030,1384866030,0
UMTS,262,2,958,236970112,0,11.068039,47.569771,1000,8,1,1384875589,1384875589,0
UMTS,262,2,958,236914663,0,11.130348,47.561332,1000,43,1,1384895508,1408433804,0
UMTS,262,2,958,236914667,0,11.127918,47.561485,1511,141,1,1384895639,1408433813,0
GSM,262,1,33545,47775,0,11.107945,47.687014,21223,164,1,1247354605,1250399494,0
GSM,262,1,33545,3304,0,11.12202,47.677306,46365,128,1,1247354605,1251969304,0
GSM,262,1,33545,47771,0,11.214517,47.643743,11647,59,1,1247354607,1251969304,0
GSM,262,1,33545,52810,0,11.297935,47.58406,48418,67,1,1251969300,1251969300,0
GSM,262,1,33545,3612,0,11.277611,47.557013,13842,129,1,1251969304,1251969304,0
GSM,262,1,33545,3649,0,11.286163,47.568013,12905,81,1,1251969305,1251969305,0
GSM,262,1,33545,55526,0,11.273431,47.480768,14527,33,1,1251969303,1251969303,0
GSM,262,1,33545,47952,0,11.278151,47.563385,12386,50,1,1251969303,1251969303,0
GSM,262,1,33545,23371,0,11.174477,47.5897,8113,31,1,1251969296,1251969296,0
GSM,262,1,33545,56753,0,11.039803,47.632331,20211,105,1,1251969297,1251969297,0
GSM,262,1,33545,3543,0,11.273155,47.493714,12933,30,1,1251969300,1251969300,0
GSM,262,1,33545,17629,0,11.038112,47.655399,19363,84,1,1251969304,1251969304,0
GSM,262,1,33545,23370,0,11.132128,47.543478,13214,25,1,1251969301,1251969301,0
GSM,262,1,33545,59744,0,11.192859,47.639302,10802,41,1,1251969304,1251969304,0
GSM,262,1,33545,7266,0,11.167555,47.557686,28617,66,1,1251969318,1251969318,0
GSM,262,1,33545,47770,0,11.030351,47.645792,6476,47,1,1250397311,1250397311,0
GSM,262,1,33545,17564,0,11.0417,47.623717,5179,65,1,1250397182,1250397182,0
GSM,262,1,33545,47767,0,11.045761,47.610559,3222,40,1,1250397023,1250397023,0
GSM,262,1,33545,47762,0,11.041408,47.614531,4536,38,1,1250397023,1250397023,0
GSM,262,1,33545,47759,0,11.055817,47.605219,3950,41,1,1250397023,1250397023,0
GSM,262,1,33545,47761,0,11.053292,47.605211,3996,54,1,1250396924,1250396924,0
GSM,262,1,33545,47766,0,11.069565,47.591375,2072,27,1,1250396858,1250396858,0
GSM,262,1,33545,47765,0,11.067468,47.599641,3422,24,1,1250396825,1250396825,0
GSM,262,7,51048,30773,0,10.716376,47.571775,17305,5389,1,1252041798,1479210419,0
GSM,262,7,51048,50773,0,10.720265,47.580826,17542,3465,1,1252041813,1479208867,0
GSM,262,7,51048,10773,0,10.752508,47.576667,16855,2637,1,1252041814,1479194345,0
GSM,262,7,51051,22002,0,10.785140991211,47.596206665039,1000,1,1,1249178722,1249178722,0
GSM,262,7,51048,31362,0,10.851974,47.672882,3128,6,1,1249178222,1249178222,0
GSM,262,7,51048,11362,0,10.943791,47.682391,9606,4,1,1249177734,1249177734,0
GSM,262,7,51056,11362,0,11.015845,47.670324,9569,184,1,1252041858,1479208125,0
GSM,262,7,51048,51363,0,10.984268,47.696457,1000,2,1,1249177356,1249177356,0
GSM,262,7,51048,31376,0,11.031303,47.625046,1000,4,1,1249176936,1249176936,0
GSM,262,7,2428,23016,0,10.982894897461,47.697830200195,1000,1,1,1248854147,1248854147,0
UMTS,262,7,3684,907718,0,10.739365,47.555008,1000,3,1,1248851646,1248851646,0
UMTS,262,7,3688,907718,0,10.73844909668,47.55500793457,1000,1,1,1248851489,1248851489,0
GSM,262,7,51056,10326,0,11.120978,47.540713,6156,254,1,1252046856,1479213839,0
GSM,262,7,51056,30323,0,11.174315,47.598216,7343,50,1,1248605586,1248605586,0
GSM,262,7,51056,2143,0,11.124267,47.542857,5936,212,1,1252046866,1477795543,0
GSM,262,7,51056,10324,0,11.173081,47.590469,9090,140,1,1252046866,1479237355,0
GSM,262,7,51056,30326,0,11.108256,47.523027,6758,191,1,1252046868,1475990563,0
GSM,262,7,51056,10368,0,11.11768,47.532222,3817,27,1,1252046880,1478127350,0
UMTS,262,7,4204,1507649,0,11.11198425293,47.53303527832,1000,1,1,1248604928,1248604928,0
GSM,262,7,51056,30368,0,11.099597,47.510514,3296,55,1,1252046882,1476317475,0
UMTS,262,7,3048,1504913,0,11.11198425293,47.531661987305,1000,1,1,1248603078,1248603078,0
UMTS,262,7,792,2645295,0,11.11198425293,47.531661987305,1000,1,1,1248603078,1248603078,0
UMTS,262,7,1976,2542798,0,11.124802,47.563705,1000,3,1,1248602557,1248602557,0
UMTS,262,7,2032,2544279,0,11.128463745117,47.56462097168,1000,1,1,1248602557,1248602557,0
UMTS,262,7,2036,2544279,0,11.122970581055,47.563247680664,1000,2,1,1248602477,1248602477,0
GSM,262,1,33545,30104,0,11.002353,47.682839,5332,62,1,1244525492,1244525492,0
GSM,262,3,31829,57239,0,11.083271,47.586769,2934,55,1,1244514198,1244514198,0
GSM,262,3,31829,57219,0,11.062556,47.596814,7740,109,1,1244513995,1244513995,0
GSM,262,3,31829,30104,0,11.025466918945,47.668991088867,1000,1,1,1244513260,1244513260,0
GSM,262,1,33545,33156,0,11.138302,47.548013,11616,10,1,1243848049,1243848049,0
GSM,262,1,33545,23356,0,11.140604,47.57132,5182,32,1,1243847917,1243847917,0
GSM,262,1,33545,34275,0,11.156215,47.574813,3173,19,1,1243847884,1243847884,0
GSM,262,1,33545,47769,0,11.089674,47.578873,5099,16,1,1243847753,1243847753,0
GSM,262,1,33545,3804,0,11.121598,47.506507,10383,25,1,1243847559,1243847559,0
GSM,262,1,33545,48055,0,11.112897,47.522599,3213,15,1,1243847559,1243847559,0
GSM,262,1,33545,23357,0,11.111731,47.5218,3328,11,1,1243847527,1243847527,0
GSM,262,1,33545,6962,0,11.108452,47.512436,2565,7,1,1243847494,1243847494,0
GSM,262,1,33545,37361,0,11.118395,47.494845,2430,21,1,1243847396,1243847396,0
GSM,262,1,33545,47976,0,11.107254,47.507553,1754,9,1,1243847396,1243847396,0
GSM,262,1,33545,23358,0,11.102371,47.500305,1000,6,1,1243847298,1243847298,0
GSM,262,1,33545,23359,0,11.102371,47.500305,1000,6,1,1243847298,1243847298,0
GSM,262,1,33545,23354,0,11.138945,47.489601,4889,19,1,1243847232,1243847232,0
GSM,262,1,33545,33177,0,11.106491,47.493668,1000,3,1,1243847199,1243847199,0
GSM,262,1,33545,108,0,11.126175,47.487077,1789,15,1,1243847199,1243847199,0
GSM,262,1,33545,23364,0,11.121175,47.487823,1999,13,1,1243847166,1243847166,0
GSM,262,1,33545,30764,0,11.193056,47.487251,5992,29,1,1243847133,1243847133,0
GSM,262,1,33545,23362,0,11.123886,47.485886,1000,3,1,1243847100,1243847100,0
GSM,262,1,33545,23361,0,11.152108,47.487003,3288,23,1,1243847100,1243847100,0
GSM,262,1,33545,14907,0,11.189539,47.488225,3396,19,1,1243846970,1243846970,0
GSM,262,1,33545,19040,0,11.201245,47.489789,4042,2,1,1243846970,1243846970,0
GSM,262,1,33545,28525,0,11.233918,47.488663,5758,19,1,1243846937,1243846937,0
GSM,262,1,33545,49038,0,11.253812,47.488003,3650,29,1,1243846773,1243846773,0
GSM,262,1,33545,55528,0,11.261356,47.403946,3057,13,1,1243634524,1243634524,0
GSM,262,1,33545,55529,0,11.268629,47.434983,2933,15,1,1243634277,1243634277,0
GSM,262,1,33545,23355,0,11.101685,47.498016,1000,2,1,1243632796,1243632796,0
GSM,262,3,31819,56389,0,11.175155639648,47.59895324707,1000,1,1,1242873993,1242873993,0
GSM,262,1,33545,1901,0,10.983462,47.7009,2096,17,1,1237709513,1237709513,0
GSM,262,3,31829,63689,0,11.086203,47.477808,4978,324,1,1237689766,1237689766,0
GSM,262,7,51056,10323,0,11.207687,47.630209,5367,33,1,1237445057,1237445057,0
GSM,262,3,33519,62379,0,11.051559448242,47.439651489258,1000,2,1,1237689823,1237689823,0
GSM,262,3,33629,54489,0,11.06117,47.445489,2720,4,1,1237689685,1237689685,0
GSM,262,3,32819,63779,0,11.052932739258,47.441024780273,1000,1,1,1237689657,1237689657,0
GSM,262,3,33639,26079,0,11.054459,47.448196,1000,9,1,1237689596,1237689596,0
GSM,262,2,840,5551,0,11.062528,47.590554,4724,200,1,1252421247,1692256282,0
GSM,262,2,840,5552,0,11.041664,47.609355,3764,121,1,1252421247,1692256092,0
GSM,262,2,840,5511,0,11.139259,47.500042,12453,200,1,1252421250,1692258414,0
GSM,262,3,33619,56389,0,11.096363,47.463341,1000,8,1,1237533174,1237533174,0
GSM,262,3,33619,5699,0,11.087608,47.458534,1000,4,1,1237533029,1237533029,0
GSM,262,3,33619,56399,0,11.086284,47.460055,1000,7,1,1237532958,1237532958,0
GSM,262,3,33619,63779,0,11.085891723633,47.460250854492,1000,1,1,1237532877,1237532877,0
GSM,262,3,38329,56399,0,11.087265014648,47.461624145508,1000,1,1,1237532818,1237532818,0
GSM,262,3,31829,50639,0,11.090254,47.461543,1000,17,1,1237532772,1237532772,0
GSM,262,3,31829,56319,0,11.063232,47.467804,1000,2,1,1237531502,1237531502,0
GSM,262,3,33619,37019,0,11.081771850586,47.458877563477,1000,1,1,1237531222,1237531222,0
GSM,262,3,31829,50900,0,11.094131469727,47.462997436523,1000,2,1,1237525543,1237525543,0
GSM,262,3,38329,63689,0,11.087265014648,47.458877563477,1000,1,1,1237525417,1237525417,0
GSM,262,3,31829,5699,0,11.085434,47.457504,1000,3,1,1237516177,1237516177,0
UMTS,262,2,958,246024172,0,11.149395,47.569807,1000,39,1,1458919688,1506155321,0
GSM,262,1,17161,21877,0,11.237589,47.623963,39724,72,1,1347632245,1484295801,0
GSM,262,1,12001,20568,0,11.111266,47.315045,10000,8,1,1348134322,1445899424,0
GSM,262,1,12001,21080,0,11.198501586914,47.324295043945,1000,43,1,1350298089,1444669637,0
GSM,262,1,32369,41129,0,11.260299682617,47.49870300293,1000,1,1,1349986800,1349986800,0
GSM,262,7,614,17616,0,10.921364,47.454423,4740,123,1,1350487135,1401923061,0
GSM,262,7,614,17547,0,10.911016,47.408416,1115,94,1,1350487135,1401922881,0
GSM,262,7,614,17621,0,10.898979,47.401426,2078,85,1,1350487135,1386066977,0
GSM,262,7,614,17545,0,10.881834,47.402159,1000,83,1,1350487135,1401922761,0
GSM,262,7,614,37621,0,10.882942,47.402981,1000,74,1,1350487135,1386067037,0
GSM,262,7,614,37545,0,10.868493,47.407137,1000,105,1,1350487135,1401919037,0
GSM,262,7,614,17618,0,10.880499,47.372446,1000,32,1,1350487135,1396046350,0
GSM,262,7,614,17546,0,10.887945,47.379303,3077,93,1,1350487135,1401445185,0
GSM,262,1,12000,9691,0,10.921469,47.442313,3692,420,1,1351170478,1484531566,0
GSM,262,1,12000,1000,0,10.913357,47.410057,2404,269,1,1351170478,1484531924,0
GSM,262,1,12000,49436,0,10.908223,47.4067,1481,195,1,1351170478,1483322029,0
GSM,262,1,12000,4869,0,10.902928,47.4005,1908,204,1,1351170478,1484532045,0
GSM,262,1,12000,48856,0,10.874213,47.405637,3604,299,1,1351170478,1484539612,0
GSM,262,1,12000,1001,0,10.891787,47.384272,6829,280,1,1351170478,1483329353,0
GSM,262,1,12000,43016,0,10.916153,47.39653,1000,41,1,1351189730,1473911608,0
GSM,262,3,614,17616,0,10.92172,47.454314,4567,130,1,1351587457,1419374953,0
GSM,262,3,614,17547,0,10.910837,47.407934,1000,104,1,1351587457,1419375317,0
GSM,262,3,614,17621,0,10.899498,47.401657,2094,81,1,1351587458,1382516980,0
GSM,262,3,614,37621,0,10.882255,47.403464,1064,74,1,1351587459,1389099322,0
GSM,262,3,614,17545,0,10.882259,47.402215,1000,96,1,1351587459,1419375440,0
GSM,262,3,614,37545,0,10.868109,47.407358,1000,130,1,1351587459,1419028841,0
GSM,262,1,12001,20818,0,11.264419555664,47.38883972168,1000,8,1,1351698850,1482336186,0
GSM,262,7,614,17622,0,10.850259,47.412988,1874,12,1,1351699314,1386974002,0
GSM,262,7,614,17623,0,10.812607,47.418137,1000,7,1,1351699314,1365381587,0
GSM,262,3,614,37547,0,10.906316,47.393156,2926,22,1,1351699560,1406112532,0
GSM,262,3,614,17546,0,10.891501,47.385098,2380,105,1,1351699560,1419375919,0
GSM,262,3,614,22103,0,10.880684,47.403162,2756,7,1,1352119532,1371029665,0
GSM,262,3,614,21591,0,10.857925415039,47.412185668945,1000,1,1,1351884196,1351884196,0
GSM,262,3,614,17622,0,10.855333,47.412339,2062,9,1,1352119532,1366369353,0
GSM,262,3,614,17623,0,10.816727,47.417908,1000,6,1,1352119532,1362955463,0
GSM,262,7,615,37115,0,11.061172,47.300034,1000,45,1,1352119846,1398678068,0
GSM,262,7,615,20834,0,11.064834,47.300568,1000,19,1,1352119846,1373848273,0
GSM,262,7,615,27241,0,11.092976,47.308128,2185,44,1,1352119847,1423096651,0
GSM,262,7,615,17241,0,11.107989,47.311124,1000,22,1,1352119847,1429816090,0
GSM,262,7,615,37773,0,11.12709,47.300262,1000,2,1,1352119847,1365074234,0
GSM,262,7,615,17773,0,11.125374,47.301807,1000,47,1,1352119847,1429815848,0
GSM,262,1,12001,19735,0,11.06575,47.300503,1021,152,1,1352194807,1484542348,0
GSM,262,1,12001,19272,0,11.086189,47.304693,2670,106,1,1352194807,1484542407,0
GSM,262,1,12001,14950,0,11.103632,47.310238,1471,127,1,1352194807,1465365401,0
GSM,262,1,12001,19274,0,11.123389,47.303576,1266,168,1,1352194807,1484542619,0
GSM,262,1,17161,21861,0,11.121491,47.619129,34420,45,1,1352283729,1482109933,0
GSM,262,1,17161,21061,0,11.133227,47.627684,29900,38,1,1352283729,1484019109,0
GSM,262,1,12001,16805,0,11.263263,47.397814,4064,104,1,1352283736,1702503165,0
GSM,262,1,12001,601,0,11.246588,47.381707,3577,135,1,1352283736,1702503165,0
GSM,262,1,12001,22097,0,11.216354370117,47.368240356445,1000,10,1,1352283736,1456882421,0
GSM,262,7,615,17115,0,11.08252,47.308066,1360,11,1,1352367757,1429816210,0
GSM,262,7,615,27115,0,11.092318,47.305455,2210,25,1,1352367757,1429816149,0
GSM,262,1,12001,680,0,11.106948,47.312393,1000,150,1,1352455454,1484542228,0
GSM,262,1,12001,43160,0,11.125717163086,47.30094909668,1000,128,1,1352455454,1484542740,0
GSM,262,1,17161,22037,0,11.112091,47.616479,33158,53,1,1352713848,1480642230,0
GSM,262,1,32329,56369,0,10.93294,47.468147,2708,8,1,1352713862,1401413411,0
GSM,262,7,615,10834,0,11.095726,47.311715,2559,31,1,1352714086,1398678487,0
GSM,262,1,12001,9679,0,11.178434,47.368375,2626,31,1,1352815648,1481594462,0
GSM,262,1,12000,999,0,10.842413,47.416253,3177,235,1,1352815688,1484539492,0
GSM,262,1,12001,13873,0,11.0789,47.303322,2672,11,1,1352816618,1476978731,0
GSM,262,1,12001,8566,0,10.96351,47.303432,1473,77,1,1352816618,1480379871,0
GSM,262,1,12000,27210,0,10.72549,47.456344,1000,140,1,1352816620,1481763575,0
GSM,262,1,12000,4428,0,10.735604,47.503362,1000,28,1,1352816620,1481759854,0
GSM,262,1,12000,995,0,10.722275,47.508051,5326,140,1,1352816620,1481759677,0
GSM,262,1,12000,17076,0,10.707101,47.51502,6988,59,1,1352816620,1467323593,0
GSM,262,1,12000,14911,0,10.834429,47.417739,1000,91,1,1352894122,1461799071,0
GSM,262,1,12000,14912,0,10.817832,47.418052,1324,148,1,1352894122,1462307084,0
GSM,262,1,12000,998,0,10.802101,47.417748,1000,235,1,1352894122,1484537991,0
GSM,262,1,12000,49607,0,10.719651,47.462778,1000,125,1,1352894122,1481763515,0
GSM,262,1,12000,4426,0,10.727043,47.478376,1292,121,1,1352894122,1480033230,0
GSM,262,1,12000,19762,0,10.726657,47.478343,1409,92,1,1352894122,1469057648,0
GSM,262,1,12000,19763,0,10.720368,47.475472,1551,24,1,1352894123,1424304901,0
GSM,262,1,12000,4425,0,10.709496,47.488403,1000,12,1,1352894123,1355745459,0
GSM,262,1,12000,4427,0,10.693128,47.474213,2486,18,1,1352894123,1355745340,0
GSM,262,1,12000,1683,0,10.707341,47.473267,1174,23,1,1352894123,1407474252,0
GSM,262,1,12000,43012,0,10.689239,47.46975,1665,12,1,1352894123,1407473110,0
GSM,262,1,12000,996,0,10.720367,47.490921,1000,6,1,1352894126,1355745581,0
GSM,262,1,12000,21877,0,10.713435,47.512285,9681,9,1,1352894126,1425723049,0
GSM,262,1,12000,21878,0,10.721207,47.494583,1948,9,1,1352894126,1406723525,0
GSM,262,1,12001,20561,0,11.188202,47.338715,1000,24,1,1352894214,1484317835,0
GSM,262,7,614,22359,0,10.901870727539,47.405319213867,1000,1,1,1352815092,1352815092,0
GSM,262,3,615,37116,0,11.125717163086,47.30094909668,1000,24,1,1353061710,1414504288,0
GSM,262,3,615,37773,0,11.128922,47.299576,1000,8,1,1353061710,1380327229,0
GSM,262,3,615,27115,0,11.092277,47.307542,2626,20,1,1353061710,1430379616,0
GSM,262,3,615,17115,0,11.079253,47.306443,1658,12,1,1353061710,1423754379,0
GSM,262,3,615,20834,0,11.064056,47.3004,1000,13,1,1353061710,1375167209,0
GSM,262,3,615,37115,0,11.059799,47.299118,1000,37,1,1353061710,1430714473,0
GSM,262,7,614,37547,0,10.910017,47.391862,3523,15,1,1353320741,1371544798,0
GSM,262,3,614,17618,0,10.881209,47.372235,1000,25,1,1353320753,1400532019,0
GSM,262,3,615,17639,0,10.960236,47.303352,1000,10,1,1353662618,1423753659,0
GSM,262,3,615,27511,0,10.9655,47.303696,1000,3,1,1353662618,1423753597,0
GSM,262,3,615,17511,0,10.985641479492,47.305068969727,1000,1,1,1353615639,1353615639,0
GSM,262,3,615,37494,0,10.995254516602,47.309188842773,1000,2,1,1353662618,1413887840,0
GSM,262,3,615,17513,0,11.072617,47.311484,3969,3,1,1353662618,1414507442,0
GSM,262,3,615,30834,0,11.055679321289,47.309188842773,1000,1,1,1353615998,1353615998,0
GSM,262,3,615,10834,0,11.095848,47.309533,2293,20,1,1353662618,1399590414,0
GSM,262,3,615,27241,0,11.096289,47.308274,1805,21,1,1353662618,1397517956,0
GSM,262,1,12001,21073,0,11.138759,47.306459,4734,29,1,1353920163,1473925209,0
GSM,262,7,614,27547,0,10.918350219727,47.398452758789,1000,3,1,1354105428,1371118954,0
GSM,262,1,12000,14915,0,10.743067,47.496349,1000,91,1,1354623685,1462307803,0
GSM,262,1,12000,14913,0,10.742652,47.48694,3376,99,1,1354623685,1462307742,0
GSM,262,1,12000,43013,0,10.719877,47.471221,1000,84,1,1354623685,1469053385,0
GSM,262,7,844,52052,0,10.706521,47.572519,1997,8,1,1354613332,1354613332,0
GSM,262,7,844,5581,0,10.718307,47.577897,6370,12,1,1354795555,1417678312,0
GSM,262,7,844,32561,0,10.74147,47.579178,1000,5,1,1354612372,1354612372,0
GSM,262,1,17161,22021,0,11.140703,47.56906,38020,27,1,1354795722,1482802915,0
GSM,262,3,615,17773,0,11.125374,47.302322,1000,25,1,1354890464,1430714261,0
GSM,262,3,614,20567,0,10.886764526367,47.40119934082,1000,1,1,1354698178,1354698178,0
UMTS,262,1,17291,1435075,0,11.06781,47.48497,1000,12,1,1362472370,1490706598,0
UMTS,262,7,51504,33066635,0,11.113575,47.488801,1080,19,1,1363010562,1478127350,0
UMTS,262,7,51504,33086635,0,11.088295,47.493553,1375,12,1,1363010623,1472231683,0
UMTS,262,1,17291,1419605,235,11.246868,47.485567,1000,29,1,1369749275,1545472512,0
UMTS,262,1,17291,1431133,0,11.231117,47.485142,1098,8,1,1369749335,1488956963,0
UMTS,262,1,17291,1387456,0,11.112948,47.525686,3663,37,1,1371648192,1490706598,0
UMTS,262,1,17291,1410586,0,11.113507,47.526055,3716,36,1,1371648252,1490706598,0
UMTS,262,1,17291,1394360,0,11.078567,47.49115,1000,18,1,1372066516,1489582584,0
UMTS,262,2,958,236970111,0,11.079025268555,47.597579956055,1000,5,1,1378427796,1378427796,0
UMTS,262,2,958,236914671,0,11.097752,47.495207,2025,11,1,1382691059,1413515829,0
UMTS,262,2,958,236914678,0,11.097565,47.495132,1000,10,1,1382692150,1413515826,0
UMTS,262,2,958,236934941,0,11.097908,47.49678,1000,20,1,1382692271,1413515837,0
UMTS,262,2,958,236934949,0,11.105706,47.510474,1000,7,1,1382692335,1412958804,0
GSM,262,2,17161,47769,0,11.10237121582,47.56462097168,1000,1,1,1387604121,1387604121,0
UMTS,262,2,831,236918142,0,11.188888549805,47.605819702148,1000,1,1,1391145100,1391145100,0
UMTS,262,2,958,236918149,0,11.182362,47.605134,2996,4,1,1391165215,1412958804,0
GSM,262,2,958,18801,0,11.175155639648,47.593460083008,1000,1,1,1391145277,1391145277,0
UMTS,262,2,958,236914665,0,11.140709,47.564964,1104,12,1,1391165457,1408433818,0
UMTS,262,2,958,236934935,0,11.124802,47.541733,1000,3,1,1391165641,1408433799,0
UMTS,262,2,958,236914675,0,11.098648,47.500608,5304,31,1,1391165641,1413515881,0
UMTS,262,2,958,236934946,0,11.109693,47.518006,2852,18,1,1391165661,1412958804,0
UMTS,262,2,958,236934948,0,11.071151,47.487441,4323,138,1,1391165956,1413517193,0
UMTS,262,2,958,236934945,0,11.100213,47.498507,1000,7,1,1391165965,1413515864,0
UMTS,262,2,958,236914676,0,11.110062,47.492661,1000,5,1,1391166179,1412945304,0
UMTS,262,2,958,236955225,0,11.126061,47.487031,1524,4,1,1391166249,1408433808,0
UMTS,262,2,958,236918165,0,11.274638,47.450799,3434,34,1,1391168188,1408433808,0
GSM,262,1,17161,52658,0,11.116604,47.488424,1122,33,1,1391174179,1419638394,0
UMTS,262,1,17291,1384387,0,11.269095,47.441505,1142,23,1,1391203472,1537689099,0
GSM,262,1,12001,11322,0,11.198379,47.328702,1691,134,1,1391633142,1483152873,0
GSM,262,3,11709,16817,0,10.94078,47.475815,1000,3,1,1382439903,1382439903,0
GSM,262,1,12001,7466,0,11.201205,47.311085,1000,65,1,1391649680,1483154310,0
GSM,262,1,12001,10576,0,11.198425,47.321301,1045,72,1,1391657646,1483154249,0
GSM,262,3,12000,999,0,10.856792,47.411828,3185,23,1,1391692720,1482240883,0
GSM,262,3,12000,4869,0,10.896895,47.403473,2023,61,1,1391700291,1483005679,0
GSM,262,1,12001,13959,0,11.195464,47.332218,1000,52,1,1391717452,1483152810,0
GSM,262,3,12000,9691,0,10.925085,47.458207,3917,84,1,1391738075,1483005200,0
GSM,262,3,12000,49436,0,10.897837,47.406093,2178,48,1,1391738856,1444729038,0
GSM,262,1,12000,17077,0,10.686237,47.531853,7390,94,1,1391743645,1481759616,0
GSM,262,3,12000,1000,0,10.912779,47.411126,1000,70,1,1391754044,1483005621,0
GSM,262,1,12001,14956,0,11.209729,47.346822,1000,57,1,1391761498,1483152692,0
GSM,262,3,12000,48856,0,10.878037,47.403748,3204,90,1,1391766232,1483005801,0
GSM,262,7,51056,30379,0,11.275012,47.481848,6016,84,1,1391781726,1485354439,0
GSM,262,1,12001,14202,0,11.195513,47.343085,2060,85,1,1391789059,1483152753,0
GSM,262,1,12000,21849,0,10.87033,47.430407,11634,7,1,1391924236,1435631128,0
GSM,262,2,831,22053,0,11.079025,47.490463,1000,4,1,1391992058,1414448569,0
GSM,262,1,12001,21079,0,11.228714,47.362061,1000,57,1,1391992591,1469635246,0
GSM,262,7,614,20823,0,10.912857055664,47.41081237793,1000,1,1,1377076913,1377076913,0
GSM,262,1,12001,13956,0,11.191712,47.333424,7230,17,1,1391996921,1474555722,0
GSM,262,1,12001,13960,0,11.184132,47.337124,1332,41,1,1392003528,1474554432,0
GSM,262,1,12001,13958,0,11.182791,47.338665,6769,41,1,1392006436,1477362277,0
GSM,262,7,615,17639,0,10.962295532227,47.303695678711,1000,5,1,1392007670,1398677496,0
GSM,262,1,12000,20610,0,10.727496,47.478673,1000,41,1,1392009160,1458175360,0
GSM,262,1,12001,14955,0,11.221076,47.354098,3446,57,1,1392009520,1482866707,0
GSM,262,1,12001,13874,0,11.064408,47.299971,1000,100,1,1392027361,1483331636,0
GSM,262,3,12000,1001,0,10.882456,47.374296,4110,49,1,1392052371,1473928119,0
GSM,262,1,12000,4870,0,10.859298706055,47.412185668945,1000,1,1,1390348779,1390348779,0
GSM,262,7,51056,11085,0,11.278043,47.476229,4566,63,1,1392139503,1478688119,0
GSM,262,1,17161,21109,0,11.204539,47.586303,26225,36,1,1392163577,1483406924,0
GSM,262,1,17161,21909,0,11.102255,47.605627,33381,33,1,1392172770,1484138251,0
GSM,262,1,17161,21125,0,11.090378,47.625509,25537,38,1,1392176169,1484343837,0
GSM,262,1,831,10091,0,11.274032592773,47.446517944336,1000,1,1,1356918107,1356918107,0
GSM,262,2,831,21093,0,11.213816,47.575155,16659,9,1,1392201616,1409746542,0
GSM,262,1,6701,1706,0,11.209487915039,47.368240356445,1000,1,1,1375060127,1375060127,0
GSM,262,1,12001,25102,0,11.075674,47.301975,1000,76,1,1392252073,1481258704,0
GSM,262,3,615,17241,0,11.106174,47.312041,1007,13,1,1392253186,1430384537,0
GSM,262,7,51056,10499,0,11.248573,47.486344,3303,26,1,1392311074,1478174771,0
GSM,262,7,51056,50499,0,11.223441,47.48629,9280,50,1,1392315185,1478262620,0
GSM,262,3,32329,21061,0,11.088638305664,47.506942749023,1000,1,1,1358741881,1358741881,0
GSM,262,1,12001,20819,0,11.085892,47.303696,1000,5,1,1392350574,1473088689,0
GSM,262,1,12001,2875,0,11.031784,47.308914,1000,10,1,1392411961,1480380111,0
GSM,262,7,12000,49436,0,10.905431,47.40593,2750,27,1,1392425496,1475804395,0
GSM,262,7,12000,48856,0,10.875928,47.404454,1261,46,1,1392427549,1476973315,0
GSM,262,7,51056,30382,0,10.934213,47.472256,3235,58,1,1392434171,1477614357,0
GSM,262,7,12000,1000,0,10.912709,47.41085,1000,37,1,1392440445,1476968454,0
GSM,262,7,11709,16817,0,10.940322875977,47.478103637695,1000,1,1,1382300754,1382300754,0
GSM,262,7,12000,4869,0,10.897675,47.402458,1846,36,1,1392444102,1476968515,0
GSM,262,7,12000,9691,0,10.926414,47.45733,4953,63,1,1392444482,1477620178,0
GSM,262,7,12000,1001,0,10.893393,47.39216,7296,28,1,1392447874,1475804574,0
GSM,262,7,51056,10384,0,11.273333,47.447915,2354,57,1,1392454675,1478688119,0
GSM,262,1,17161,63577,0,11.04157,47.481088,2119,12,1,1392530736,1624489634,0
GSM,262,1,12001,22354,0,11.198501586914,47.318801879883,1000,6,1,1392576804,1472062516,0
GSM,262,7,615,37241,0,11.091674,47.315405,1273,19,1,1392583402,1423103163,0
GSM,262,1,12000,21301,0,10.748062133789,47.491836547852,1000,6,1,1392584484,1459472861,0
GSM,262,1,615,37147,0,11.206741333008,47.368240356445,1000,1,1,1373023381,1373023381,0
GSM,262,1,32369,59949,0,11.275405883789,47.494583129883,1000,1,1,1373022279,1373022279,0
GSM,262,7,32329,56399,0,10.991134643555,47.482223510742,1000,1,1,1380102477,1380102477,0
GSM,262,7,32329,56319,0,10.954055786133,47.480850219727,1000,1,1,1380102294,1380102294,0
GSM,262,7,32329,63689,0,11.08039855957,47.490463256836,1000,1,1,1380103015,1380103015,0
GSM,262,7,32329,56389,0,11.062545776367,47.482223510742,1000,1,1,1380102834,1380102834,0
GSM,262,7,32329,56369,0,10.933456420898,47.472610473633,1000,1,1,1380102177,1380102177,0
GSM,262,1,12000,21587,0,10.88264465332,47.373733520508,1000,3,1,1392744294,1434668074,0
GSM,262,1,12000,20819,0,10.781997,47.441968,10622,3,1,1392757477,1439173657,0
GSM,262,1,32329,30220,0,11.196437,47.622987,2239,4,1,1373254629,1373254629,0
GSM,262,1,32329,32009,0,11.171722,47.584534,1000,2,1,1373254811,1373254811,0
GSM,262,1,32329,5520,0,11.199188,47.625046,1000,2,1,1373254511,1373254511,0
GSM,262,1,32329,37669,0,11.15592956543,47.572860717773,1000,2,1,1373255052,1373255052,0
GSM,262,1,32329,31999,0,11.175155639648,47.587966918945,1000,1,1,1373254750,1373254750,0
GSM,262,1,12000,18049,0,10.721169,47.469063,1000,12,1,1392838011,1397091171,0
GSM,262,1,12000,21848,0,10.773499,47.450306,6100,5,1,1392838795,1442302345,0
GSM,262,3,615,37241,0,11.091843,47.31575,1000,9,1,1392975257,1430382375,0
GSM,262,1,12000,22354,0,10.943069458008,47.478103637695,1000,2,1,1393040099,1441768942,0
GSM,262,1,12001,22361,0,11.06803894043,47.30094909668,1000,2,1,1393046420,1422405792,0
GSM,262,3,614,20823,0,10.909195,47.408981,1000,3,1,1363774911,1363774911,0
GSM,262,7,614,21847,0,10.916976928711,47.397079467773,1000,1,1,1363862804,1363862804,0
GSM,262,7,51056,30499,0,11.248316,47.485617,3376,51,1,1393154957,1478466720,0
GSM,262,7,51056,30384,0,11.26507,47.428448,2572,38,1,1393155200,1478263402,0
GSM,262,7,51056,31982,0,11.26139,47.400069,3264,34,1,1393155309,1478263520,0
GSM,262,7,51056,31085,0,11.27758,47.454071,3711,48,1,1393155322,1478688119,0
GSM,262,7,51056,10379,0,11.278592,47.510104,8318,53,1,1393155322,1478761802,0
GSM,262,7,51056,50384,0,11.270141,47.440796,1539,18,1,1393155322,1476431883,0
GSM,262,7,51056,11982,0,11.263962,47.396426,1000,21,1,1393155409,1477727389,0
GSM,262,7,6701,1705,0,11.235580444336,47.376480102539,1000,1,1,1393135830,1393135830,0
GSM,262,1,12001,2872,0,11.055875,47.3086,1000,7,1,1393156847,1480380290,0
GSM,262,1,12001,13872,0,11.080202,47.312329,1589,7,1,1393161773,1480380351,0
GSM,262,1,12001,2445,0,11.104889,47.312164,1000,6,1,1393161883,1442289559,0
GSM,262,1,12001,19732,0,11.074795,47.301663,1110,25,1,1393165885,1481257503,0
GSM,262,7,615,21841,0,11.099624633789,47.311935424805,1000,1,1,1366062758,1366062758,0
GSM,262,7,615,17513,0,11.107864379883,47.311935424805,1000,1,1,1366062697,1366062697,0
GSM,262,3,17161,23371,0,11.174469,47.590027,1000,2,1,1372335026,1372335026,0
GSM,262,3,17161,41972,0,11.192316,47.614061,2239,2,1,1372334965,1372334965,0
GSM,262,1,32329,21269,0,11.187515258789,47.616806030273,1000,1,1,1372202425,1372202425,0
GSM,262,1,32329,37679,0,11.136703491211,47.556381225586,1000,1,1,1372202905,1372202905,0
GSM,262,3,17161,23356,0,11.14975,47.570801,1000,2,1,1372335144,1372335144,0
GSM,262,1,32329,56389,0,11.128463745117,47.549514770508,1000,1,1,1372202963,1372202963,0
GSM,262,3,17161,34275,0,11.167602,47.580414,1000,2,1,1372335085,1372335085,0
GSM,262,1,12000,20611,0,10.704116821289,47.482223510742,1000,1,1,1355736696,1355736696,0
GSM,262,1,12001,21349,0,11.103287,47.308274,1178,11,1,1393643620,1481532449,0
GSM,262,2,614,37621,0,10.878525,47.403259,1000,2,1,1359334337,1359334337,0
GSM,262,2,614,17616,0,10.918807,47.431412,2762,3,1,1393664329,1403645445,0
GSM,262,2,614,17623,0,10.811234,47.417679,1000,2,1,1359330673,1359330673,0
GSM,262,2,614,17546,0,10.901870727539,47.405319213867,1000,1,1,1359325631,1359325631,0
GSM,262,2,614,17621,0,10.890884399414,47.402572631836,1000,1,1,1359325691,1359325691,0
GSM,262,2,614,17545,0,10.87944,47.40303,1000,3,1,1393667951,1403645147,0
GSM,262,2,614,37545,0,10.868088,47.406967,1000,5,1,1393669266,1403642268,0
GSM,262,2,614,17622,0,10.835953,47.41768,1045,2,1,1359330734,1359330734,0
GSM,262,2,614,17547,0,10.910568,47.407608,1000,3,1,1393671639,1403645327,0
GSM,262,3,51056,30382,0,10.937281,47.473199,2847,14,1,1393688258,1492431182,0
GSM,262,1,51056,30382,0,10.941696166992,47.478103637695,1000,1,1,1364875805,1364875805,0
GSM,262,1,12000,21592,0,10.857925415039,47.412185668945,1000,4,1,1393697972,1429880079,0
GSM,262,3,12000,43013,0,10.726089477539,47.472610473633,1000,2,1,1393701779,1406546437,0
GSM,262,3,12000,21336,0,10.864105,47.409439,1000,2,1,1393702047,1400530129,0
GSM,262,3,12000,49607,0,10.721054,47.463913,1000,3,1,1393705334,1475128202,0
GSM,262,3,12000,993,0,10.695494,47.550974,2863,3,1,1364863196,1602217001,0
GSM,262,3,12000,4426,0,10.731583,47.47879,1000,2,1,1393709431,1475128323,0
GSM,262,3,12000,17076,0,10.694164,47.52926,2953,4,1,1393711278,1475128682,0
GSM,262,3,12000,14913,0,10.739822387695,47.484970092773,1000,2,1,1393712695,1406546316,0
GSM,262,3,12000,14912,0,10.82325,47.418022,1000,5,1,1393718352,1442577572,0
GSM,262,3,12000,14915,0,10.748062,47.492523,1000,2,1,1393719144,1406546257,0
GSM,262,3,12000,27210,0,10.723343,47.456818,1000,3,1,1393719871,1475128024,0
UMTS,262,3,40719,178240923,0,11.11116,47.493211,1436,5,1,1393761304,1401328418,0
GSM,262,1,12001,1087,0,10.977651,47.305693,1000,11,1,1393762010,1464583037,0
GSM,262,1,12001,15083,0,11.132583,47.364808,1006,4,1,1393854323,1469597058,0
GSM,262,1,12001,27571,0,11.143478,47.367508,1000,15,1,1393894496,1469598438,0
GSM,262,7,12000,999,0,10.848458,47.413994,3651,19,1,1393918340,1476973197,0
GSM,262,1,12001,15000,0,11.141739,47.368012,1327,6,1,1393918751,1416367740,0
GSM,262,7,12000,4870,0,10.868911743164,47.406692504883,1000,9,1,1393924997,1437468945,0
GSM,262,1,12001,4382,0,11.177902,47.327042,1000,3,1,1393948295,1471531247,0
GSM,262,7,615,22360,0,11.092758178711,47.316055297852,1000,1,1,1365067360,1365067360,0
GSM,262,7,51056,10382,0,10.966035,47.48083,6429,65,1,1394168226,1477614176,0
GSM,262,3,12000,4870,0,10.868911743164,47.406692504883,1000,8,1,1394312968,1473927307,0
GSM,262,3,12000,43016,0,10.91423034668,47.395706176758,1000,1,1,1386755628,1386755628,0
GSM,262,1,6701,21301,0,11.261672973633,47.387466430664,1000,1,1,1387796366,1387796366,0
GSM,262,1,6701,43927,0,11.213607788086,47.368240356445,1000,1,1,1369360609,1369360609,0
GSM,262,3,17161,10896,0,10.965042114258,47.480850219727,1000,1,1,1369399327,1369399327,0
GSM,262,3,17161,7266,0,11.063722,47.484199,6314,7,1,1394379241,1451467834,0
GSM,262,3,17161,48052,0,11.075592,47.489777,1000,2,1,1394381231,1451467897,0
GSM,262,3,17161,23370,0,11.122970581055,47.545394897461,1000,1,1,1369398250,1369398250,0
GSM,262,3,12001,14950,0,11.09935,47.311112,1000,5,1,1394385127,1457467472,0
GSM,262,1,11709,16817,0,10.923843383789,47.453384399414,1000,1,1,1369274893,1369274893,0
GSM,262,3,12001,19272,0,11.089637,47.307816,1121,11,1,1394400073,1483937991,0
GSM,262,3,12001,25102,0,11.074905,47.301464,1000,8,1,1394404260,1483421495,0
GSM,262,3,12001,19274,0,11.123314,47.304382,1000,10,1,1394407101,1483938202,0
GSM,262,3,17161,47976,0,11.088638305664,47.495956420898,1000,1,1,1369398667,1369398667,0
GSM,262,7,51056,21877,0,11.167578,47.589346,4888,2,1,1394518539,1450437993,0
GSM,262,1,12001,21585,0,11.199875,47.337341,1000,11,1,1394660424,1482866528,0
GSM,262,1,12000,21349,0,10.855178833008,47.413558959961,1000,5,1,1394737258,1460426706,0
GSM,262,7,614,22103,0,10.878524780273,47.370986938477,1000,1,1,1386068601,1386068601,0
GSM,262,1,12001,19731,0,11.076277,47.312394,1709,3,1,1397803602,1426558150,0
GSM,262,2,840,22311,0,11.103941,47.499473,5787,123,1,1397823788,1692257938,0
GSM,262,2,840,22313,0,11.100845,47.492916,8860,122,1,1397830089,1692257995,0
GSM,262,2,840,22312,0,11.11214,47.487488,1525,127,1,1397843963,1692258054,0
UMTS,262,3,40229,146132110,0,11.117477,47.526954,1000,7,1,1458837589,1478012496,0
UMTS,262,3,40229,146132600,0,11.104843,47.512711,1000,10,1,1458837589,1478012496,0
UMTS,262,3,40229,146132150,0,11.109511,47.518845,1453,15,1,1458837589,1476549571,0
UMTS,262,3,40229,146113540,0,11.070328,47.483139,1000,6,1,1458837587,1472478660,0
UMTS,262,3,40229,146132470,0,11.132675,47.54924,1000,15,1,1458837589,1478127350,0
UMTS,262,7,51504,1421467,0,11.084518432617,47.494583129883,1000,1,1,1438344487,1438344487,0
UMTS,262,2,958,236957652,0,11.280899047852,47.46711730957,1000,1,1,1408433844,1408433844,0
UMTS,262,2,958,236957651,0,11.27815246582,47.450637817383,1000,1,1,1408433844,1408433844,0
UMTS,262,2,958,236934958,0,11.106491088867,47.49870300293,1000,1,1,1412958804,1412958804,0
UMTS,262,2,958,236957656,0,11.280899047852,47.465744018555,1000,1,1,1408433844,1408433844,0
UMTS,262,2,958,236957655,0,11.280899047852,47.453384399414,1000,1,1,1408433844,1408433844,0
UMTS,262,2,958,246024169,0,11.149984,47.569087,3140,45,1,1458919688,1533675498,0
UMTS,262,2,957,246027703,0,11.030960083008,47.611312866211,1000,1,1,1424599889,1424599889,0
UMTS,262,7,51504,33093655,0,10.984268188477,47.421798706055,1000,1,1,1471764717,1471764717,0
GSM,262,2,831,21269,0,11.187057,47.488175,1000,3,1,1398557514,1403902524,0
GSM,262,2,11709,45507,0,11.193008422852,47.487716674805,1000,1,1,1398377111,1398377111,0
GSM,262,7,840,22312,0,11.114730834961,47.48908996582,1000,1,1,1398381794,1398381794,0
GSM,262,7,831,17401,0,11.110610961914,47.516555786133,1000,1,1,1398382094,1398382094,0
GSM,262,7,840,22311,0,11.100997924805,47.49870300293,1000,1,1,1398381915,1398381915,0
GSM,262,2,831,42582,0,11.139107,47.486688,2557,4,1,1400154792,1412653337,0
UMTS,262,3,40719,178222023,0,11.102731,47.446996,8721,46,1,1401348101,1429605970,0
UMTS,262,3,40719,178197663,0,11.090361,47.446235,6922,24,1,1401348286,1428847122,0
UMTS,262,3,40719,178203840,0,11.095646,47.446382,4918,10,1,1401348320,1429316192,0
UMTS,262,3,40719,178203800,0,11.101362,47.456133,4036,19,1,1401348376,1428485330,0
UMTS,262,3,40719,178251003,0,11.104634,47.486101,2305,17,1,1401348447,1427619399,0
GSM,262,1,32329,56319,0,10.974655151367,47.482223510742,1000,1,1,1401413231,1401413231,0
GSM,262,1,32329,56399,0,11.010360717773,47.482223510742,1000,1,1,1401413048,1401413048,0
UMTS,262,2,958,236955671,0,10.731582,47.554459,1000,5,1,1402848349,1408433844,0
GSM,262,3,11709,17207,0,10.702743530273,47.548141479492,1000,2,1,1402723354,1402723354,0
GSM,262,1,12001,14946,0,11.01091,47.313309,1000,5,1,1402918692,1480380050,0
GSM,262,1,12001,25103,0,11.115417,47.304612,2195,6,1,1402919418,1482505646,0
GSM,262,1,12001,14947,0,10.994568,47.307816,1000,4,1,1402924396,1480379928,0
UMTS,262,3,17036,4735834,0,10.741357,47.556624,1000,17,1,1403069264,1403069264,0
UMTS,262,3,958,236955671,0,10.741195678711,47.556381225586,1000,8,1,1403069317,1403069317,0
GSM,262,3,17161,3543,0,11.279525756836,47.452011108398,1000,1,1,1402868187,1402868187,0
GSM,262,3,12001,7466,0,11.201523,47.30864,1000,5,1,1403523581,1482505050,0
GSM,262,3,12001,16805,0,11.264877,47.391129,1000,3,1,1403523858,1474256000,0
GSM,262,3,17161,52810,0,11.252059936523,47.48908996582,1000,1,1,1402867826,1402867826,0
GSM,262,3,17161,108,0,11.088638305664,47.48908996582,1000,1,1,1402866924,1402866924,0
GSM,262,3,17161,37361,0,11.069412231445,47.483596801758,1000,1,1,1402866804,1402866804,0
GSM,262,3,17161,47952,0,11.282272338867,47.461624145508,1000,1,1,1402868126,1402868126,0
GSM,262,3,12001,13959,0,11.19603,47.333084,1000,5,1,1403525752,1482501991,0
GSM,262,3,17161,55526,0,11.274032592773,47.441024780273,1000,1,1,1402868249,1402868249,0
GSM,262,3,12001,14956,0,11.210518,47.347298,1000,4,1,1403525985,1482501810,0
GSM,262,3,17161,23364,0,11.118850708008,47.484970092773,1000,1,1,1402867164,1402867164,0
GSM,262,3,12001,14955,0,11.221504,47.353821,1000,4,1,1403526764,1482501753,0
GSM,262,3,12001,14202,0,11.198227,47.339951,1000,5,1,1403527575,1482501932,0
GSM,262,3,17161,55528,0,11.258926391602,47.41081237793,1000,1,1,1402868425,1402868425,0
GSM,262,3,12001,11322,0,11.198502,47.328415,1000,6,1,1403528541,1482502051,0
GSM,262,3,17161,23361,0,11.138076782227,47.484970092773,1000,1,1,1402867286,1402867286,0
GSM,262,3,17161,14907,0,11.157302856445,47.487716674805,1000,1,1,1402867406,1402867406,0
GSM,262,3,17161,3612,0,11.261672973633,47.49870300293,1000,1,1,1402867888,1402867888,0
GSM,262,3,12001,601,0,11.245535,47.379227,1802,4,1,1403529629,1474256061,0
GSM,262,3,17161,37414,0,11.062545776367,47.482223510742,1000,2,1,1403531025,1451467776,0
GSM,262,3,17161,30764,0,11.213607788086,47.48908996582,1000,1,1,1402867647,1402867647,0
GSM,262,3,17161,3649,0,11.274032592773,47.495956420898,1000,1,1,1402867946,1402867946,0
GSM,262,3,17161,23354,0,11.105117797852,47.493209838867,1000,1,1,1402867046,1402867046,0
GSM,262,3,17161,23355,0,11.085891,47.491151,1000,2,1,1403532676,1451468076,0
GSM,262,3,12001,10576,0,11.198502,47.320175,1000,4,1,1403532817,1474261760,0
GSM,262,2,12000,4870,0,10.868911743164,47.406692504883,1000,1,1,1403641967,1403641967,0
GSM,262,2,12000,49436,0,10.897750854492,47.403945922852,1000,1,1,1403641006,1403641006,0
GSM,262,2,12000,48856,0,10.877152,47.403603,1000,4,1,1403811031,1482441174,0
GSM,262,2,12000,9691,0,10.928877,47.463455,1944,3,1,1403812301,1482440457,0
GSM,262,2,614,37547,0,10.900497436523,47.405319213867,1000,1,1,1403645268,1403645268,0
GSM,262,2,12000,4869,0,10.902786,47.404862,1175,3,1,1403813219,1482440994,0
GSM,262,2,12000,1000,0,10.913544,47.412872,1000,2,1,1403815140,1461273481,0
UMTS,262,1,17291,1402775,0,11.199847,47.624568,3608,56,1,1406462860,1504517151,0
GSM,262,3,12000,14911,0,10.835953,47.417679,1000,2,1,1406641737,1442577630,0
GSM,262,3,12001,2445,0,11.098252,47.315598,1000,3,1,1406642763,1447293138,0
GSM,262,3,12001,19735,0,11.066437,47.299881,1000,18,1,1406643666,1483937869,0
GSM,262,3,12000,20610,0,10.730209350586,47.478103637695,1000,1,1,1406546376,1406546376,0
GSM,262,3,12000,17077,0,10.690383911133,47.528915405273,1000,1,1,1406545957,1406545957,0
GSM,262,3,32369,61849,0,11.282012,47.506228,10537,48,1,1407397103,1474894277,0
UMTS,262,2,958,236930022,0,11.008837,47.464854,1651,37,1,1407516226,1413517596,0
GSM,262,1,12001,14948,0,10.996627807617,47.309188842773,1000,1,1,1405992419,1405992419,0
GSM,262,1,12000,49608,0,10.735702514648,47.480850219727,1000,1,1,1405985206,1405985206,0
GSM,262,3,32319,17059,0,10.753625,47.616705,10892,1102,1,1408211849,1479889506,0
GSM,262,3,32319,56389,0,11.104704,47.508443,20294,365,1,1408367681,1479984342,0
GSM,262,3,32319,25049,0,11.133234,47.485191,6974,19,1,1408367773,1479209000,0
GSM,262,3,32319,63679,0,11.104051,47.49163,8133,139,1,1408367921,1475990324,0
GSM,262,3,32319,63779,0,11.093029,47.503174,5142,141,1,1408368255,1480101766,0
GSM,262,3,32319,63739,0,11.122741,47.54364,1459,36,1,1408368517,1478465483,0
GSM,262,3,32319,37669,0,11.140252,47.565481,6280,123,1,1408368731,1480100982,0
GSM,262,3,32319,5520,0,11.154335,47.678147,40104,418,1,1408369361,1480308363,0
GSM,262,3,32319,37689,0,11.13138,47.562368,2396,89,1,1408377239,1477845362,0
GSM,262,3,32319,37679,0,11.134067,47.562269,2276,87,1,1408377239,1480100982,0
GSM,262,3,32319,23700,0,11.098459,47.54159,14416,459,1,1408377239,1480328091,0
GSM,262,3,32319,26069,0,11.117914,47.52968,55375,448,1,1408377239,1480658139,0
GSM,262,3,32319,51819,0,11.055871,47.670367,9540,21,1,1408378949,1476870723,0
GSM,262,3,32369,53899,0,11.261027,47.411701,2555,17,1,1408385589,1483418590,0
GSM,262,3,32319,26219,0,11.101874,47.514414,46729,412,1,1408386936,1480700939,0
GSM,262,3,32319,26079,0,11.128537,47.498596,12649,195,1,1408386936,1480616571,0
GSM,262,3,32319,25039,0,11.111701,47.490653,2003,29,1,1408387059,1479209306,0
GSM,262,3,32319,63789,0,11.104502,47.510021,2274,29,1,1408387916,1479263007,0
GSM,262,3,32319,63699,0,11.094039,47.50538,7919,123,1,1408387916,1477084167,0
GSM,262,3,32319,56579,0,11.113815,47.522965,1474,6,1,1408388038,1466446810,0
GSM,262,3,32319,56589,0,11.117281,47.534114,3025,14,1,1408388283,1476096110,0
GSM,262,3,32319,63749,0,11.107229,47.52057,2140,13,1,1408388283,1472173277,0
GSM,262,3,32319,37009,0,11.118792,47.530355,54366,158,1,1408388651,1479704561,0
UMTS,262,1,17291,1441614,0,11.020385,47.610077,1018,10,1,1408511352,1484524875,0
UMTS,262,1,17291,1399535,0,11.019581,47.608959,1000,7,1,1408511352,1492259451,0
UMTS,262,1,17291,1434259,0,11.02867,47.626419,2570,9,1,1408511352,1492352692,0
UMTS,262,1,17291,1384283,0,11.189934,47.63976,4504,21,1,1408511352,1492270071,0
UMTS,262,1,17291,1421384,0,11.029587,47.632828,1782,9,1,1408511352,1492259451,0
UMTS,262,1,17291,1441613,0,11.020889,47.62413,1587,3,1,1408511352,1473085385,0
UMTS,262,1,17291,1389348,0,10.986391,47.694834,1986,11,1,1408511352,1492259451,0
UMTS,262,1,17291,1429884,0,11.013107,47.682266,1000,3,1,1408511352,1492259451,0
UMTS,262,1,17291,1399368,0,11.031784,47.60582,1400,5,1,1408511352,1492259451,0
GSM,262,1,17161,20466,0,11.095427,47.505145,9280,138,1,1410199199,1702503155,0
GSM,262,3,32319,21269,0,11.109763,47.561924,11925,2,1,1410201333,1440149818,0
GSM,262,1,17161,16526,0,11.107996,47.516762,7354,112,1,1410202216,1702503154,0
GSM,262,3,32319,32009,0,11.16322,47.579969,8500,74,1,1410217178,1479983532,0
GSM,262,3,32319,25059,0,11.097921,47.494049,2547,216,1,1410362884,1479971810,0
GSM,262,3,32369,53879,0,11.263352,47.402268,3203,9,1,1410439880,1475368108,0
GSM,262,3,32319,51839,0,11.018107,47.701528,15826,166,1,1410770984,1479253947,0
GSM,262,3,32319,52599,0,11.036145,47.617268,4734,128,1,1410771611,1480463808,0
GSM,262,3,32319,57219,0,11.075699,47.577414,5947,92,1,1410772033,1480328091,0
GSM,262,3,32319,57239,0,11.079054,47.571788,3917,96,1,1410772185,1482301285,0
GSM,262,3,32319,57229,0,11.089042,47.570032,3990,99,1,1410772185,1486583976,0
GSM,262,3,32319,5540,0,11.109141,47.541936,10646,244,1,1410772185,1480328091,0
GSM,262,1,17161,47606,0,10.97333,47.572669,8840,467,1,1410772185,1606978957,0
GSM,262,3,32319,63769,0,11.111683,47.52108,5815,51,1,1410773123,1479704561,0
GSM,262,7,51056,12008,0,11.261983,47.473762,3183,31,1,1410774496,1478688119,0
GSM,262,3,32319,52659,0,11.026359,47.627129,9578,91,1,1410788411,1480463808,0
GSM,262,3,32319,63759,0,11.103097,47.517826,8457,13,1,1410791954,1472173277,0
GSM,262,3,32319,37029,0,11.100439,47.516607,23357,118,1,1410793543,1480615776,0
GSM,262,7,32319,52599,0,11.025466918945,47.647018432617,1000,1,1,1411549030,1411549030,0
GSM,262,3,32319,31999,0,11.17682,47.59308,5010,47,1,1411653010,1479929258,0
UMTS,262,2,958,236934950,0,11.097201,47.495795,1000,17,1,1413515696,1413515696,0
UMTS,262,2,958,236934957,0,11.097128,47.495832,1000,22,1,1413511538,1413511538,0
UMTS,262,2,958,236934953,0,11.097136,47.495699,1000,16,1,1413510956,1413510956,0
UMTS,262,2,958,236940253,0,10.989365,47.456237,1000,52,1,1413522484,1413522484,0
UMTS,262,2,958,236940257,0,10.990723,47.456131,1000,30,1,1413521728,1413521728,0
UMTS,262,2,958,236940251,0,10.991135,47.456511,1000,47,1,1413521308,1413521308,0
UMTS,262,2,958,236940255,0,10.991272,47.4562,1000,20,1,1413520720,1413520720,0
UMTS,262,1,65534,25650944,0,11.101522,47.667623,5241,68,1,1413706742,1413706742,0
UMTS,262,1,65534,25650945,0,11.046044,47.667348,1000,61,1,1413728834,1413856973,0
GSM,262,2,16931,27871,0,10.705199,47.559803,2714,3,1,1414114013,1602217523,0
GSM,262,1,32319,16969,0,10.707322,47.571945,1027,3,1,1414378788,1414378788,0
GSM,262,2,32319,17029,0,10.734329223633,47.57698059082,1000,1,1,1414399075,1414399075,0
GSM,262,1,9129,16390,0,10.714321,47.564427,3603,7,1,1414532859,1414548312,0
GSM,262,1,9129,16939,0,10.707553,47.565654,3080,4,1,1414471094,1414471094,0
GSM,262,7,32319,38109,0,10.735702514648,47.55500793457,1000,1,1,1414561957,1414561957,0
GSM,262,3,3520,10009,0,11.083475,47.307376,2007,50,1,1414780584,1477006838,0
GSM,262,1,32319,52539,0,11.031649,47.625389,4870,4,1,1415786464,1432265253,0
GSM,262,2,840,17371,0,11.084542,47.571797,6712,186,1,1415855652,1692256383,0
GSM,262,1,32319,52599,0,11.031511,47.623947,5029,5,1,1415856270,1432265249,0
GSM,262,2,840,9462,0,11.193998,47.649038,6206,111,1,1415947082,1689928448,0
GSM,262,2,840,5502,0,11.189852,47.64919,12439,111,1,1415949615,1689928448,0
GSM,262,2,840,47053,0,11.07554,47.683857,13630,131,1,1415951242,1692255603,0
GSM,262,7,844,5571,0,10.842819213867,47.659378051758,1000,1,1,1415934489,1415934489,0
GSM,262,2,840,5512,0,11.097045,47.516524,9719,108,1,1415983412,1668748637,0
GSM,262,2,840,5513,0,11.119348,47.50439,11075,200,1,1415985267,1692258305,0
GSM,262,1,32319,23710,0,11.026841,47.627106,1040,2,1,1416262965,1441546332,0
GSM,262,2,17161,17629,0,11.02684,47.668304,1000,2,1,1416327409,1488596598,0
GSM,262,1,17161,53461,0,11.04003,47.611147,5701,78,1,1416367702,1665699909,0
GSM,262,2,840,2023,0,11.12727,47.561122,2188,164,1,1416387933,1692257420,0
GSM,262,2,840,2021,0,11.139343,47.565563,5095,137,1,1416388716,1692257365,0
GSM,262,2,840,17401,0,11.120855,47.539955,12158,134,1,1416388954,1692257644,0
GSM,262,2,840,22302,0,11.103178,47.505789,4753,125,1,1416389160,1692257860,0
GSM,262,2,840,22301,0,11.094714,47.496209,7704,145,1,1416389314,1692257896,0
GSM,262,2,840,2031,0,11.094621,47.496225,8862,103,1,1416395271,1668748637,0
GSM,262,2,840,2032,0,11.120878,47.487515,4717,148,1,1416395432,1692258244,0
GSM,262,2,840,27631,0,11.097233,47.507922,11206,200,1,1416396851,1692258195,0
GSM,262,2,840,36023,0,11.023267,47.478666,7999,118,1,1416396877,1665905549,0
GSM,262,2,840,17381,0,11.033642,47.476471,4476,111,1,1416396954,1665905295,0
GSM,262,2,840,17382,0,11.012968,47.471262,7037,117,1,1416398624,1665905549,0
GSM,262,2,840,42581,0,11.128394,47.484029,3253,155,1,1416399367,1692258254,0
GSM,262,2,840,12702,0,11.17194,47.488363,2647,105,1,1416399859,1692258373,0
GSM,262,2,840,12701,0,11.195445,47.488652,6126,121,1,1416400063,1692258442,0
GSM,262,2,840,10781,0,11.22967,47.485582,4887,519,1,1416400246,1568432701,0
GSM,262,2,840,10092,0,11.282348,47.52498,6065,173,1,1416400346,1692259275,0
GSM,262,2,840,35611,0,11.268973,47.501196,7361,159,1,1416401328,1692259165,0
GSM,262,1,844,57473,0,11.029587,47.627106,1000,2,1,1416407984,1417063186,0
GSM,262,2,840,17501,0,10.955627,47.55801,7208,200,1,1416450194,1658650983,0
GSM,262,2,840,2022,0,11.129861,47.559936,2615,171,1,1416450688,1692257453,0
GSM,262,2,840,18802,0,11.136772,47.559965,4814,133,1,1416450812,1692257483,0
GSM,262,2,840,18801,0,11.184089,47.59872,7862,114,1,1416454834,1689928437,0
GSM,262,2,840,5521,0,11.270094,47.440646,6606,515,1,1416459049,1603770733,0
GSM,262,2,840,22331,0,11.261594,47.40204,5487,347,1,1416459049,1622710764,0
GSM,262,2,840,42583,0,11.11506,47.487121,6597,150,1,1416466388,1692258173,0
GSM,262,2,840,36021,0,11.030875,47.478627,4480,49,1,1416466759,1665504630,0
GSM,262,2,840,27632,0,11.09518,47.532322,10864,105,1,1416466759,1665904915,0
GSM,262,2,840,36022,0,11.032724,47.476881,10998,95,1,1416469851,1665905299,0
GSM,262,2,840,2033,0,11.086522,47.491858,3175,111,1,1416470716,1668748637,0
GSM,262,2,840,10091,0,11.277387,47.510868,2812,108,1,1416475042,1692259143,0
GSM,262,2,17161,3612,0,11.257553100586,47.471237182617,1000,1,1,1416461250,1416461250,0
GSM,262,2,840,22321,0,11.259686,47.422954,7563,551,1,1416565498,1645249555,0
GSM,262,7,12000,17077,0,10.687637329102,47.530288696289,1000,1,1,1416588484,1416588484,0
GSM,262,7,12000,49607,0,10.719223022461,47.462997436523,1000,1,1,1416589084,1416589084,0
GSM,262,7,12000,14912,0,10.82016,47.418022,1000,5,1,1417049397,1456403626,0
GSM,262,7,12000,20610,0,10.72883605957,47.475357055664,1000,1,1,1416588966,1416588966,0
GSM,262,7,12001,25102,0,11.08039855957,47.302322387695,1000,1,1,1416597555,1416597555,0
GSM,262,7,12001,14950,0,11.095504760742,47.307815551758,1000,1,1,1416597616,1416597616,0
GSM,262,7,12001,19274,0,11.124687,47.301979,1000,5,1,1417049397,1475720670,0
GSM,262,7,12000,43013,0,10.726089477539,47.468490600586,1000,1,1,1416589024,1416589024,0
GSM,262,7,12000,27210,0,10.723342895508,47.457504272461,1000,1,1,1416589145,1416589145,0
GSM,262,7,12000,995,0,10.71647644043,47.52067565918,1000,1,1,1416588605,1416588605,0
GSM,262,7,12000,14915,0,10.741195678711,47.497329711914,1000,1,1,1416588784,1416588784,0
GSM,262,7,12000,14913,0,10.746688842773,47.48908996582,1000,1,1,1416588844,1416588844,0
GSM,262,3,12000,21593,0,10.91423034668,47.414932250977,1000,1,1,1416608234,1416608234,0
GSM,262,1,17161,704,0,11.276754,47.505108,6330,117,1,1417170718,1702503163,0
GSM,262,1,17161,28525,0,11.263281,47.477429,4578,37,1,1417274849,1702503163,0
GSM,262,1,65289,55526,0,11.261672973633,47.441024780273,1000,1,1,1417145582,1417145582,0
GSM,262,1,65289,30104,0,11.026840209961,47.671737670898,1000,1,1,1417157719,1417157719,0
GSM,262,1,12000,19769,0,10.723343,47.481995,1000,6,1,1417555751,1467295500,0
GSM,262,2,16931,42842,0,10.735702514648,47.553634643555,1000,1,1,1418188464,1418188464,0
GSM,262,1,17161,64525,0,11.125982,47.48371,2724,148,1,1418938544,1702503160,0
GSM,262,1,17161,64597,0,11.117053,47.484404,2672,107,1,1418938544,1702503159,0
GSM,262,2,840,22332,0,11.261475,47.400538,7511,76,1,1420002108,1578130461,0
GSM,262,7,17161,56753,0,10.96431,47.594167,6415,2,1,1422355288,1487518952,0
GSM,262,7,17161,47770,0,11.025466918945,47.647018432617,1000,1,1,1422335340,1422335340,0
GSM,262,2,840,17411,0,11.257512,47.468175,5475,62,1,1422439474,1630842590,0
GSM,262,2,840,42582,0,11.124872,47.484133,2512,122,1,1422559026,1692258203,0
GSM,262,7,3520,10009,0,11.083145,47.307871,1000,25,1,1423716996,1475558792,0
GSM,262,1,6701,16817,0,10.921881,47.451423,2544,7,1,1424257267,1479937806,0
GSM,262,3,32319,63689,0,11.085432,47.490652,6699,81,1,1424271435,1476666112,0
UMTS,262,3,40229,146128343,0,11.130524,47.491837,1000,4,1,1458837588,1470176263,0
UMTS,262,3,40229,146128303,0,11.052344,47.478496,1000,7,1,1458837588,1475454920,0
UMTS,262,1,17291,1388327,0,11.167534,47.580826,1000,20,1,1458872520,1492385044,0
UMTS,262,1,17291,1421469,0,11.096878,47.491837,1000,2,1,1458872528,1483265097,0
UMTS,262,1,17291,1415454,0,11.061935,47.482224,1000,9,1,1458872527,1490706598,0
UMTS,262,1,17291,1433891,0,11.285018920898,47.528915405273,1000,3,1,1458872529,1474722556,0
GSM,262,7,51056,10381,0,11.035118,47.482529,2271,36,1,1424357161,1477613878,0
GSM,262,3,32369,61859,0,11.28649,47.523717,1014,28,1,1424521318,1474894277,0
UMTS,262,2,958,246067160,0,11.278336,47.473343,1462,30,1,1424521370,1490025347,0
UMTS,262,2,958,246032236,337,11.277692,47.504662,6406,196,1,1424521371,1617959735,0
UMTS,262,2,958,246067156,437,11.27956,47.473109,2756,61,1,1424521371,1617959694,0
UMTS,262,2,958,246032240,0,11.278532,47.506256,3319,54,1,1424521371,1488680997,0
UMTS,262,2,958,246067163,0,11.281357,47.464371,1000,6,1,1424521370,1490025347,0
GSM,262,2,840,30072,0,11.193432,47.658466,9925,3,1,1425108779,1473857734,0
GSM,262,2,840,42731,0,11.112651,47.485361,5467,112,1,1426503883,1692258033,0
GSM,262,3,32319,56399,0,11.048826,47.489739,23593,103,1,1426751431,1479991159,0
GSM,262,2,840,42732,0,11.062936,47.480531,6013,111,1,1426928917,1665832376,0
GSM,262,2,51056,10382,0,10.956116,47.480164,1000,2,1,1426909480,1426909480,0
GSM,262,1,12000,14914,0,10.741195678711,47.497329711914,1000,11,1,1425854661,1425854661,0
GSM,262,1,12000,21593,0,10.912857055664,47.412185668945,1000,1,1,1425948448,1425948448,0
GSM,262,1,12001,4384,0,11.160049438477,47.31330871582,1000,1,1,1426558872,1426558872,0
GSM,262,1,12001,13957,0,11.182022094727,47.329788208008,1000,1,1,1426559049,1426559049,0
GSM,262,7,51056,22037,0,11.158386,47.587385,20562,4,1,1427412095,1458738621,0
GSM,262,1,17161,64526,0,11.121174,47.483629,1910,126,1,1427814395,1702503160,0
GSM,262,1,17161,16438,0,11.240617,47.481309,1399,3,1,1427768515,1427768515,0
GSM,262,2,840,50843,0,11.271056,47.452698,2148,6,1,1428414473,1433632551,0
GSM,262,2,840,50841,0,11.274993,47.454987,7799,30,1,1428414475,1433779395,0
GSM,262,2,840,50833,0,11.221334,47.485487,3150,8,1,1428446047,1433886478,0
UMTS,262,2,957,246027695,0,11.076279,47.573057,2217,7,1,1428835628,1428835628,0
LTE,262,2,48050,20961282,0,11.163883,47.57886,4351,104,1,1428859922,1704994145,0
LTE,262,2,48050,20961281,0,11.176595,47.594092,3212,99,1,1428859922,1689927536,0
UMTS,262,2,958,246027646,0,11.204877,47.630782,27656,40,1,1428859922,1530433760,0
UMTS,262,1,65534,31177730,0,11.117752,47.560501,1000,5,1,1428835876,1428835876,0
LTE,262,2,48050,20622081,0,11.066775,47.593272,1398,7,1,1428859921,1704994146,0
UMTS,262,2,48050,21951234,0,11.071193,47.579335,1130,2,1,1428835566,1590849670,0
GSM,262,2,840,45012,0,11.278828,47.474625,5862,412,1,1429643847,1603768735,0
GSM,262,2,840,45011,0,11.276113,47.45042,5972,200,1,1429643847,1665710758,0
GSM,262,2,840,50832,0,11.256411,47.469635,2073,6,1,1429643845,1432602840,0
GSM,262,2,6701,6017,0,11.260299,47.395249,1312,3,1,1429643845,1461079846,0
GSM,262,2,840,22291,0,11.121002,47.537555,6220,110,1,1429643853,1692257762,0
GSM,262,1,51056,10383,0,11.179275512695,47.48908996582,1000,1,1,1427313077,1427313077,0
GSM,262,1,51056,52009,0,10.988388061523,47.482223510742,1000,1,1,1427843576,1427843576,0
GSM,262,2,840,50891,0,11.097775,47.510322,6080,87,1,1429707146,1435265994,0
GSM,262,2,840,22293,0,11.064774,47.484,8889,108,1,1429707146,1665904812,0
GSM,262,2,840,50893,0,11.084518,47.492619,4232,65,1,1429707146,1435144709,0
GSM,262,1,17161,55136,0,11.102159,47.491064,8979,104,1,1429779616,1702503157,0
GSM,262,1,17161,54972,0,11.105959,47.493045,901,102,1,1429900952,1665700930,0
GSM,262,1,17161,55115,0,11.116621,47.484639,1514,109,1,1429900952,1702503159,0
GSM,262,7,17161,34275,0,11.166458,47.579727,1000,3,1,1430361727,1475801603,0
GSM,262,7,17161,41972,0,11.193923,47.620468,1183,3,1,1430361727,1475801424,0
GSM,262,7,17161,47976,0,11.087723,47.495956,1000,3,1,1430361727,1475802415,0
GSM,262,7,17161,7266,0,11.058082,47.485314,1235,8,1,1430361727,1475803195,0
GSM,262,7,17161,37361,0,11.068039,47.485657,1000,2,1,1430361727,1475803013,0
GSM,262,7,17161,23359,0,11.087723,47.503281,1000,3,1,1430361727,1475802354,0
GSM,262,7,17161,37412,0,11.056137,47.479935,1000,3,1,1430361727,1475803134,0
GSM,262,7,17161,23356,0,11.145401,47.568741,1000,3,1,1430361727,1475801724,0
GSM,262,7,17161,23370,0,11.121139,47.544022,1000,3,1,1430361727,1475801962,0
GSM,262,7,17161,48052,0,11.079368,47.490807,1000,4,1,1430361727,1475802896,0
GSM,262,7,17161,10896,0,10.967789,47.48085,1000,3,1,1430361727,1475803552,0
GSM,262,7,17161,16526,0,11.106491088867,47.512435913086,1000,1,1,1429578924,1429578924,0
GSM,262,7,17161,3804,0,11.091385,47.509003,1000,2,1,1430361727,1475802293,0
GSM,262,7,17161,37414,0,11.062546,47.48291,1000,2,1,1430361727,1475803074,0
GSM,262,2,840,50842,0,11.271286,47.438536,1000,16,1,1430368524,1433890737,0
GSM,262,3,3520,20009,0,11.07748,47.307129,1000,8,1,1430765888,1477005788,0
